Type,Subtype,Subset,Filter,Genotype,QQ.Field,QQ,METRIC.Recall,METRIC.Precision,METRIC.Frac_NA,METRIC.F1_Score,FP.gt,FP.al,Subset.Size,Subset.IS_CONF.Size,Subset.Level,TRUTH.TOTAL,TRUTH.TOTAL.ti,TRUTH.TOTAL.tv,TRUTH.TOTAL.het,TRUTH.TOTAL.homalt,TRUTH.TOTAL.TiTv_ratio,TRUTH.TOTAL.het_hom_ratio,TRUTH.TP,TRUTH.TP.ti,TRUTH.TP.tv,TRUTH.TP.het,TRUTH.TP.homalt,TRUTH.TP.TiTv_ratio,TRUTH.TP.het_hom_ratio,TRUTH.FN,TRUTH.FN.ti,TRUTH.FN.tv,TRUTH.FN.het,TRUTH.FN.homalt,TRUTH.FN.TiTv_ratio,TRUTH.FN.het_hom_ratio,QUERY.TOTAL,QUERY.TOTAL.ti,QUERY.TOTAL.tv,QUERY.TOTAL.het,QUERY.TOTAL.homalt,QUERY.TOTAL.TiTv_ratio,QUERY.TOTAL.het_hom_ratio,QUERY.TP,QUERY.TP.ti,QUERY.TP.tv,QUERY.TP.het,QUERY.TP.homalt,QUERY.TP.TiTv_ratio,QUERY.TP.het_hom_ratio,QUERY.FP,QUERY.FP.ti,QUERY.FP.tv,QUERY.FP.het,QUERY.FP.homalt,QUERY.FP.TiTv_ratio,QUERY.FP.het_hom_ratio,QUERY.UNK,QUERY.UNK.ti,QUERY.UNK.tv,QUERY.UNK.het,QUERY.UNK.homalt,QUERY.UNK.TiTv_ratio,QUERY.UNK.het_hom_ratio
INDEL,*,*,ALL,*,QUAL,*,0.994136,0.996316,0.499142,0.995225,4,12,64274167,2542343946.000000,0.000000,11256,.,.,6428.000000,4116.000000,,1.56171039845,11190,.,.,6410.000000,4099.000000,,1.56379604782,66,.,.,18.000000,17.000000,,1.05882352941,23306,.,.,16050.000000,6586.000000,,2.43698754935,11630,.,.,7290.000000,4098.000000,,1.77891654466,43,.,.,43.000000,0.000000,,,11633,.,.,8717.000000,2488.000000,,3.50361736334
INDEL,*,*,PASS,*,QUAL,*,0.994048,0.997427,0.488506,0.995734,4,7,64274167,2542343946.000000,0.000000,11256,.,.,6428.000000,4116.000000,,1.56171039845,11189,.,.,6409.000000,4099.000000,,1.56355208587,67,.,.,19.000000,17.000000,,1.11764705882,22794,.,.,15539.000000,6585.000000,,2.35975702354,11629,.,.,7289.000000,4098.000000,,1.77867252318,30,.,.,30.000000,0.000000,,,11135,.,.,8220.000000,2487.000000,,3.30518697226
INDEL,*,TS_boundary,ALL,*,QUAL,*,0.909091,0.769231,0.919753,0.833333,0,0,3030848912.000000,2542343946.000000,0.000000,11,.,.,8.000000,3.000000,,2.66666666667,10,.,.,8.000000,2.000000,,4.0,1,.,.,0.000000,1.000000,,0.0,162,.,.,121.000000,38.000000,,3.18421052632,10,.,.,8.000000,2.000000,,4.0,3,.,.,3.000000,0.000000,,,149,.,.,110.000000,36.000000,,3.05555555556
INDEL,*,TS_boundary,PASS,*,QUAL,*,0.909091,0.769231,0.919255,0.833333,0,0,3030848912.000000,2542343946.000000,0.000000,11,.,.,8.000000,3.000000,,2.66666666667,10,.,.,8.000000,2.000000,,4.0,1,.,.,0.000000,1.000000,,0.0,161,.,.,120.000000,38.000000,,3.15789473684,10,.,.,8.000000,2.000000,,4.0,3,.,.,3.000000,0.000000,,,148,.,.,109.000000,36.000000,,3.02777777778
INDEL,*,TS_contained,ALL,*,QUAL,*,0.99422,0.996569,0.0,0.995393,4,12,2542343946.000000,2542343946.000000,0.000000,11245,.,.,6420.000000,4113.000000,,1.56090444931,11180,.,.,6402.000000,4097.000000,,1.56260678545,65,.,.,18.000000,16.000000,,1.125,11660,.,.,7322.000000,4096.000000,,1.78759765625,11620,.,.,7282.000000,4096.000000,,1.77783203125,40,.,.,40.000000,0.000000,,,0,.,.,0.000000,0.000000,,
INDEL,*,TS_contained,PASS,*,QUAL,*,0.994131,0.997682,0.0,0.995903,4,7,2542343946.000000,2542343946.000000,0.000000,11245,.,.,6420.000000,4113.000000,,1.56090444931,11179,.,.,6401.000000,4097.000000,,1.56236270442,66,.,.,19.000000,16.000000,,1.1875,11646,.,.,7308.000000,4096.000000,,1.7841796875,11619,.,.,7281.000000,4096.000000,,1.77758789062,27,.,.,27.000000,0.000000,,,0,.,.,0.000000,0.000000,,
INDEL,C16_PLUS,*,ALL,*,QUAL,*,0.0,0.0,0.0,,0,0,64274167,2542343946.000000,0.000000,0,.,.,0.000000,0.000000,,,0,.,.,0.000000,0.000000,,,0,.,.,0.000000,0.000000,,,0,.,.,0.000000,0.000000,,,0,.,.,0.000000,0.000000,,,0,.,.,0.000000,0.000000,,,0,.,.,0.000000,0.000000,,
INDEL,C16_PLUS,*,PASS,*,QUAL,*,0.0,0.0,0.0,,0,0,64274167,2542343946.000000,0.000000,0,.,.,0.000000,0.000000,,,0,.,.,0.000000,0.000000,,,0,.,.,0.000000,0.000000,,,0,.,.,0.000000,0.000000,,,0,.,.,0.000000,0.000000,,,0,.,.,0.000000,0.000000,,,0,.,.,0.000000,0.000000,,
INDEL,C16_PLUS,TS_boundary,ALL,*,QUAL,*,0.0,0.0,0.0,,0,0,3030848912.000000,2542343946.000000,0.000000,0,.,.,0.000000,0.000000,,,0,.,.,0.000000,0.000000,,,0,.,.,0.000000,0.000000,,,0,.,.,0.000000,0.000000,,,0,.,.,0.000000,0.000000,,,0,.,.,0.000000,0.000000,,,0,.,.,0.000000,0.000000,,
INDEL,C16_PLUS,TS_boundary,PASS,*,QUAL,*,0.0,0.0,0.0,,0,0,3030848912.000000,2542343946.000000,0.000000,0,.,.,0.000000,0.000000,,,0,.,.,0.000000,0.000000,,,0,.,.,0.000000,0.000000,,,0,.,.,0.000000,0.000000,,,0,.,.,0.000000,0.000000,,,0,.,.,0.000000,0.000000,,,0,.,.,0.000000,0.000000,,
INDEL,C16_PLUS,TS_contained,ALL,*,QUAL,*,0.0,0.0,0.0,,0,0,2542343946.000000,2542343946.000000,0.000000,0,.,.,0.000000,0.000000,,,0,.,.,0.000000,0.000000,,,0,.,.,0.000000,0.000000,,,0,.,.,0.000000,0.000000,,,0,.,.,0.000000,0.000000,,,0,.,.,0.000000,0.000000,,,0,.,.,0.000000,0.000000,,
INDEL,C16_PLUS,TS_contained,PASS,*,QUAL,*,0.0,0.0,0.0,,0,0,2542343946.000000,2542343946.000000,0.000000,0,.,.,0.000000,0.000000,,,0,.,.,0.000000,0.000000,,,0,.,.,0.000000,0.000000,,,0,.,.,0.000000,0.000000,,,0,.,.,0.000000,0.000000,,,0,.,.,0.000000,0.000000,,,0,.,.,0.000000,0.000000,,
INDEL,C1_5,*,ALL,*,QUAL,*,0.0,0.0,0.0,,0,0,64274167,2542343946.000000,0.000000,0,.,.,0.000000,0.000000,,,0,.,.,0.000000,0.000000,,,0,.,.,0.000000,0.000000,,,0,.,.,0.000000,0.000000,,,0,.,.,0.000000,0.000000,,,0,.,.,0.000000,0.000000,,,0,.,.,0.000000,0.000000,,
INDEL,C1_5,*,PASS,*,QUAL,*,0.0,0.0,0.0,,0,0,64274167,2542343946.000000,0.000000,0,.,.,0.000000,0.000000,,,0,.,.,0.000000,0.000000,,,0,.,.,0.000000,0.000000,,,0,.,.,0.000000,0.000000,,,0,.,.,0.000000,0.000000,,,0,.,.,0.000000,0.000000,,,0,.,.,0.000000,0.000000,,
INDEL,C1_5,TS_boundary,ALL,*,QUAL,*,0.0,0.0,0.0,,0,0,3030848912.000000,2542343946.000000,0.000000,0,.,.,0.000000,0.000000,,,0,.,.,0.000000,0.000000,,,0,.,.,0.000000,0.000000,,,0,.,.,0.000000,0.000000,,,0,.,.,0.000000,0.000000,,,0,.,.,0.000000,0.000000,,,0,.,.,0.000000,0.000000,,
INDEL,C1_5,TS_boundary,PASS,*,QUAL,*,0.0,0.0,0.0,,0,0,3030848912.000000,2542343946.000000,0.000000,0,.,.,0.000000,0.000000,,,0,.,.,0.000000,0.000000,,,0,.,.,0.000000,0.000000,,,0,.,.,0.000000,0.000000,,,0,.,.,0.000000,0.000000,,,0,.,.,0.000000,0.000000,,,0,.,.,0.000000,0.000000,,
INDEL,C1_5,TS_contained,ALL,*,QUAL,*,0.0,0.0,0.0,,0,0,2542343946.000000,2542343946.000000,0.000000,0,.,.,0.000000,0.000000,,,0,.,.,0.000000,0.000000,,,0,.,.,0.000000,0.000000,,,0,.,.,0.000000,0.000000,,,0,.,.,0.000000,0.000000,,,0,.,.,0.000000,0.000000,,,0,.,.,0.000000,0.000000,,
INDEL,C1_5,TS_contained,PASS,*,QUAL,*,0.0,0.0,0.0,,0,0,2542343946.000000,2542343946.000000,0.000000,0,.,.,0.000000,0.000000,,,0,.,.,0.000000,0.000000,,,0,.,.,0.000000,0.000000,,,0,.,.,0.000000,0.000000,,,0,.,.,0.000000,0.000000,,,0,.,.,0.000000,0.000000,,,0,.,.,0.000000,0.000000,,
INDEL,C6_15,*,ALL,*,QUAL,*,0.0,0.0,0.0,,0,0,64274167,2542343946.000000,0.000000,0,.,.,0.000000,0.000000,,,0,.,.,0.000000,0.000000,,,0,.,.,0.000000,0.000000,,,0,.,.,0.000000,0.000000,,,0,.,.,0.000000,0.000000,,,0,.,.,0.000000,0.000000,,,0,.,.,0.000000,0.000000,,
INDEL,C6_15,*,PASS,*,QUAL,*,0.0,0.0,0.0,,0,0,64274167,2542343946.000000,0.000000,0,.,.,0.000000,0.000000,,,0,.,.,0.000000,0.000000,,,0,.,.,0.000000,0.000000,,,0,.,.,0.000000,0.000000,,,0,.,.,0.000000,0.000000,,,0,.,.,0.000000,0.000000,,,0,.,.,0.000000,0.000000,,
INDEL,C6_15,TS_boundary,ALL,*,QUAL,*,0.0,0.0,0.0,,0,0,3030848912.000000,2542343946.000000,0.000000,0,.,.,0.000000,0.000000,,,0,.,.,0.000000,0.000000,,,0,.,.,0.000000,0.000000,,,0,.,.,0.000000,0.000000,,,0,.,.,0.000000,0.000000,,,0,.,.,0.000000,0.000000,,,0,.,.,0.000000,0.000000,,
INDEL,C6_15,TS_boundary,PASS,*,QUAL,*,0.0,0.0,0.0,,0,0,3030848912.000000,2542343946.000000,0.000000,0,.,.,0.000000,0.000000,,,0,.,.,0.000000,0.000000,,,0,.,.,0.000000,0.000000,,,0,.,.,0.000000,0.000000,,,0,.,.,0.000000,0.000000,,,0,.,.,0.000000,0.000000,,,0,.,.,0.000000,0.000000,,
INDEL,C6_15,TS_contained,ALL,*,QUAL,*,0.0,0.0,0.0,,0,0,2542343946.000000,2542343946.000000,0.000000,0,.,.,0.000000,0.000000,,,0,.,.,0.000000,0.000000,,,0,.,.,0.000000,0.000000,,,0,.,.,0.000000,0.000000,,,0,.,.,0.000000,0.000000,,,0,.,.,0.000000,0.000000,,,0,.,.,0.000000,0.000000,,
INDEL,C6_15,TS_contained,PASS,*,QUAL,*,0.0,0.0,0.0,,0,0,2542343946.000000,2542343946.000000,0.000000,0,.,.,0.000000,0.000000,,,0,.,.,0.000000,0.000000,,,0,.,.,0.000000,0.000000,,,0,.,.,0.000000,0.000000,,,0,.,.,0.000000,0.000000,,,0,.,.,0.000000,0.000000,,,0,.,.,0.000000,0.000000,,
INDEL,D16_PLUS,*,ALL,*,QUAL,*,0.98773,1.0,0.770863,0.993827,0,0,64274167,2542343946.000000,0.000000,163,.,.,95.000000,54.000000,,1.75925925926,161,.,.,94.000000,53.000000,,1.77358490566,2,.,.,1.000000,1.000000,,1.0,707,.,.,580.000000,127.000000,,4.56692913386,162,.,.,109.000000,53.000000,,2.05660377358,0,.,.,0.000000,0.000000,,,545,.,.,471.000000,74.000000,,6.36486486486
INDEL,D16_PLUS,*,PASS,*,QUAL,*,0.98773,1.0,0.766234,0.993827,0,0,64274167,2542343946.000000,0.000000,163,.,.,95.000000,54.000000,,1.75925925926,161,.,.,94.000000,53.000000,,1.77358490566,2,.,.,1.000000,1.000000,,1.0,693,.,.,566.000000,127.000000,,4.45669291339,162,.,.,109.000000,53.000000,,2.05660377358,0,.,.,0.000000,0.000000,,,531,.,.,457.000000,74.000000,,6.17567567568
INDEL,D16_PLUS,TS_boundary,ALL,*,QUAL,*,1.0,1.0,0.857143,1.0,0,0,3030848912.000000,2542343946.000000,0.000000,1,.,.,1.000000,0.000000,,,1,.,.,1.000000,0.000000,,,0,.,.,0.000000,0.000000,,,7,.,.,7.000000,0.000000,,,1,.,.,1.000000,0.000000,,,0,.,.,0.000000,0.000000,,,6,.,.,6.000000,0.000000,,
INDEL,D16_PLUS,TS_boundary,PASS,*,QUAL,*,1.0,1.0,0.857143,1.0,0,0,3030848912.000000,2542343946.000000,0.000000,1,.,.,1.000000,0.000000,,,1,.,.,1.000000,0.000000,,,0,.,.,0.000000,0.000000,,,7,.,.,7.000000,0.000000,,,1,.,.,1.000000,0.000000,,,0,.,.,0.000000,0.000000,,,6,.,.,6.000000,0.000000,,
INDEL,D16_PLUS,TS_contained,ALL,*,QUAL,*,0.987654,1.0,0.0,0.993789,0,0,2542343946.000000,2542343946.000000,0.000000,162,.,.,94.000000,54.000000,,1.74074074074,160,.,.,93.000000,53.000000,,1.75471698113,2,.,.,1.000000,1.000000,,1.0,161,.,.,108.000000,53.000000,,2.03773584906,161,.,.,108.000000,53.000000,,2.03773584906,0,.,.,0.000000,0.000000,,,0,.,.,0.000000,0.000000,,
INDEL,D16_PLUS,TS_contained,PASS,*,QUAL,*,0.987654,1.0,0.0,0.993789,0,0,2542343946.000000,2542343946.000000,0.000000,162,.,.,94.000000,54.000000,,1.74074074074,160,.,.,93.000000,53.000000,,1.75471698113,2,.,.,1.000000,1.000000,,1.0,161,.,.,108.000000,53.000000,,2.03773584906,161,.,.,108.000000,53.000000,,2.03773584906,0,.,.,0.000000,0.000000,,,0,.,.,0.000000,0.000000,,
INDEL,D1_5,*,ALL,*,QUAL,*,0.995679,0.996728,0.465597,0.996203,2,5,64274167,2542343946.000000,0.000000,5091,.,.,2912.000000,1793.000000,,1.62409369771,5069,.,.,2905.000000,1787.000000,,1.62562954673,22,.,.,7.000000,6.000000,,1.16666666667,9723,.,.,6974.000000,2749.000000,,2.53692251728,5179,.,.,3392.000000,1787.000000,,1.8981533296,17,.,.,17.000000,0.000000,,,4527,.,.,3565.000000,962.000000,,3.70582120582
INDEL,D1_5,*,PASS,*,QUAL,*,0.995679,0.997496,0.452378,0.996587,2,3,64274167,2542343946.000000,0.000000,5091,.,.,2912.000000,1793.000000,,1.62409369771,5069,.,.,2905.000000,1787.000000,,1.62562954673,22,.,.,7.000000,6.000000,,1.16666666667,9481,.,.,6732.000000,2749.000000,,2.44889050564,5179,.,.,3392.000000,1787.000000,,1.8981533296,13,.,.,13.000000,0.000000,,,4289,.,.,3327.000000,962.000000,,3.45841995842
INDEL,D1_5,TS_boundary,ALL,*,QUAL,*,1.0,0.75,0.942029,0.857143,0,0,3030848912.000000,2542343946.000000,0.000000,3,.,.,2.000000,1.000000,,2.0,3,.,.,2.000000,1.000000,,2.0,0,.,.,0.000000,0.000000,,,69,.,.,51.000000,18.000000,,2.83333333333,3,.,.,2.000000,1.000000,,2.0,1,.,.,1.000000,0.000000,,,65,.,.,48.000000,17.000000,,2.82352941176
INDEL,D1_5,TS_boundary,PASS,*,QUAL,*,1.0,0.75,0.941176,0.857143,0,0,3030848912.000000,2542343946.000000,0.000000,3,.,.,2.000000,1.000000,,2.0,3,.,.,2.000000,1.000000,,2.0,0,.,.,0.000000,0.000000,,,68,.,.,50.000000,18.000000,,2.77777777778,3,.,.,2.000000,1.000000,,2.0,1,.,.,1.000000,0.000000,,,64,.,.,47.000000,17.000000,,2.76470588235
INDEL,D1_5,TS_contained,ALL,*,QUAL,*,0.995676,0.996918,0.0,0.996297,2,5,2542343946.000000,2542343946.000000,0.000000,5088,.,.,2910.000000,1792.000000,,1.62388392857,5066,.,.,2903.000000,1786.000000,,1.62541993281,22,.,.,7.000000,6.000000,,1.16666666667,5192,.,.,3406.000000,1786.000000,,1.90705487122,5176,.,.,3390.000000,1786.000000,,1.89809630459,16,.,.,16.000000,0.000000,,,0,.,.,0.000000,0.000000,,
INDEL,D1_5,TS_contained,PASS,*,QUAL,*,0.995676,0.997687,0.0,0.996681,2,3,2542343946.000000,2542343946.000000,0.000000,5088,.,.,2910.000000,1792.000000,,1.62388392857,5066,.,.,2903.000000,1786.000000,,1.62541993281,22,.,.,7.000000,6.000000,,1.16666666667,5188,.,.,3402.000000,1786.000000,,1.90481522956,5176,.,.,3390.000000,1786.000000,,1.89809630459,12,.,.,12.000000,0.000000,,,0,.,.,0.000000,0.000000,,
INDEL,D6_15,*,ALL,*,QUAL,*,0.997001,0.997046,0.57898,0.997024,0,0,64274167,2542343946.000000,0.000000,667,.,.,356.000000,182.000000,,1.95604395604,665,.,.,356.000000,182.000000,,1.95604395604,2,.,.,0.000000,0.000000,,,1608,.,.,1287.000000,321.000000,,4.00934579439,675,.,.,493.000000,182.000000,,2.70879120879,2,.,.,2.000000,0.000000,,,931,.,.,792.000000,139.000000,,5.69784172662
INDEL,D6_15,*,PASS,*,QUAL,*,0.997001,0.998521,0.570794,0.997761,0,0,64274167,2542343946.000000,0.000000,667,.,.,356.000000,182.000000,,1.95604395604,665,.,.,356.000000,182.000000,,1.95604395604,2,.,.,0.000000,0.000000,,,1575,.,.,1254.000000,321.000000,,3.90654205607,675,.,.,493.000000,182.000000,,2.70879120879,1,.,.,1.000000,0.000000,,,899,.,.,760.000000,139.000000,,5.46762589928
INDEL,D6_15,TS_boundary,ALL,*,QUAL,*,1.0,1.0,0.75,1.0,0,0,3030848912.000000,2542343946.000000,0.000000,4,.,.,3.000000,1.000000,,3.0,4,.,.,3.000000,1.000000,,3.0,0,.,.,0.000000,0.000000,,,16,.,.,14.000000,2.000000,,7.0,4,.,.,3.000000,1.000000,,3.0,0,.,.,0.000000,0.000000,,,12,.,.,11.000000,1.000000,,11.0
INDEL,D6_15,TS_boundary,PASS,*,QUAL,*,1.0,1.0,0.75,1.0,0,0,3030848912.000000,2542343946.000000,0.000000,4,.,.,3.000000,1.000000,,3.0,4,.,.,3.000000,1.000000,,3.0,0,.,.,0.000000,0.000000,,,16,.,.,14.000000,2.000000,,7.0,4,.,.,3.000000,1.000000,,3.0,0,.,.,0.000000,0.000000,,,12,.,.,11.000000,1.000000,,11.0
INDEL,D6_15,TS_contained,ALL,*,QUAL,*,0.996983,0.997028,0.0,0.997006,0,0,2542343946.000000,2542343946.000000,0.000000,663,.,.,353.000000,181.000000,,1.95027624309,661,.,.,353.000000,181.000000,,1.95027624309,2,.,.,0.000000,0.000000,,,673,.,.,492.000000,181.000000,,2.7182320442,671,.,.,490.000000,181.000000,,2.70718232044,2,.,.,2.000000,0.000000,,,0,.,.,0.000000,0.000000,,
INDEL,D6_15,TS_contained,PASS,*,QUAL,*,0.996983,0.998512,0.0,0.997747,0,0,2542343946.000000,2542343946.000000,0.000000,663,.,.,353.000000,181.000000,,1.95027624309,661,.,.,353.000000,181.000000,,1.95027624309,2,.,.,0.000000,0.000000,,,672,.,.,491.000000,181.000000,,2.71270718232,671,.,.,490.000000,181.000000,,2.70718232044,1,.,.,1.000000,0.000000,,,0,.,.,0.000000,0.000000,,
INDEL,I16_PLUS,*,ALL,*,QUAL,*,0.963768,0.992537,0.801187,0.977941,0,1,64274167,2542343946.000000,0.000000,138,.,.,84.000000,40.000000,,2.1,133,.,.,79.000000,40.000000,,1.975,5,.,.,5.000000,0.000000,,,674,.,.,403.000000,148.000000,,2.72297297297,133,.,.,79.000000,40.000000,,1.975,1,.,.,1.000000,0.000000,,,540,.,.,323.000000,108.000000,,2.99074074074
INDEL,I16_PLUS,*,PASS,*,QUAL,*,0.963768,0.992537,0.793529,0.977941,0,1,64274167,2542343946.000000,0.000000,138,.,.,84.000000,40.000000,,2.1,133,.,.,79.000000,40.000000,,1.975,5,.,.,5.000000,0.000000,,,649,.,.,379.000000,147.000000,,2.57823129252,133,.,.,79.000000,40.000000,,1.975,1,.,.,1.000000,0.000000,,,515,.,.,299.000000,107.000000,,2.79439252336
INDEL,I16_PLUS,TS_boundary,ALL,*,QUAL,*,0.0,,1.0,,0,0,3030848912.000000,2542343946.000000,0.000000,0,.,.,0.000000,0.000000,,,0,.,.,0.000000,0.000000,,,0,.,.,0.000000,0.000000,,,1,.,.,1.000000,0.000000,,,0,.,.,0.000000,0.000000,,,0,.,.,0.000000,0.000000,,,1,.,.,1.000000,0.000000,,
INDEL,I16_PLUS,TS_boundary,PASS,*,QUAL,*,0.0,,1.0,,0,0,3030848912.000000,2542343946.000000,0.000000,0,.,.,0.000000,0.000000,,,0,.,.,0.000000,0.000000,,,0,.,.,0.000000,0.000000,,,1,.,.,1.000000,0.000000,,,0,.,.,0.000000,0.000000,,,0,.,.,0.000000,0.000000,,,1,.,.,1.000000,0.000000,,
INDEL,I16_PLUS,TS_contained,ALL,*,QUAL,*,0.963768,0.992537,0.0,0.977941,0,1,2542343946.000000,2542343946.000000,0.000000,138,.,.,84.000000,40.000000,,2.1,133,.,.,79.000000,40.000000,,1.975,5,.,.,5.000000,0.000000,,,134,.,.,80.000000,40.000000,,2.0,133,.,.,79.000000,40.000000,,1.975,1,.,.,1.000000,0.000000,,,0,.,.,0.000000,0.000000,,
INDEL,I16_PLUS,TS_contained,PASS,*,QUAL,*,0.963768,0.992537,0.0,0.977941,0,1,2542343946.000000,2542343946.000000,0.000000,138,.,.,84.000000,40.000000,,2.1,133,.,.,79.000000,40.000000,,1.975,5,.,.,5.000000,0.000000,,,134,.,.,80.000000,40.000000,,2.0,133,.,.,79.000000,40.000000,,1.975,1,.,.,1.000000,0.000000,,,0,.,.,0.000000,0.000000,,
INDEL,I1_5,*,ALL,*,QUAL,*,0.99443,0.996612,0.465651,0.99552,2,3,64274167,2542343946.000000,0.000000,5027,.,.,2707.000000,1899.000000,,1.42548709847,4999,.,.,2705.000000,1890.000000,,1.43121693122,28,.,.,2.000000,9.000000,,0.222222222222,9389,.,.,5989.000000,2922.000000,,2.04962354552,5000,.,.,2905.000000,1889.000000,,1.53785071466,17,.,.,17.000000,0.000000,,,4372,.,.,3067.000000,1033.000000,,2.96902226525
INDEL,I1_5,*,PASS,*,QUAL,*,0.994231,0.998004,0.456725,0.996114,2,1,64274167,2542343946.000000,0.000000,5027,.,.,2707.000000,1899.000000,,1.42548709847,4998,.,.,2704.000000,1890.000000,,1.43068783069,29,.,.,3.000000,9.000000,,0.333333333333,9220,.,.,5820.000000,2922.000000,,1.99178644764,4999,.,.,2904.000000,1889.000000,,1.53732133404,10,.,.,10.000000,0.000000,,,4211,.,.,2906.000000,1033.000000,,2.81316553727
INDEL,I1_5,TS_boundary,ALL,*,QUAL,*,0.666667,0.5,0.918367,0.571429,0,0,3030848912.000000,2542343946.000000,0.000000,3,.,.,2.000000,1.000000,,2.0,2,.,.,2.000000,0.000000,,,1,.,.,0.000000,1.000000,,0.0,49,.,.,35.000000,11.000000,,3.18181818182,2,.,.,2.000000,0.000000,,,2,.,.,2.000000,0.000000,,,45,.,.,31.000000,11.000000,,2.81818181818
INDEL,I1_5,TS_boundary,PASS,*,QUAL,*,0.666667,0.5,0.918367,0.571429,0,0,3030848912.000000,2542343946.000000,0.000000,3,.,.,2.000000,1.000000,,2.0,2,.,.,2.000000,0.000000,,,1,.,.,0.000000,1.000000,,0.0,49,.,.,35.000000,11.000000,,3.18181818182,2,.,.,2.000000,0.000000,,,2,.,.,2.000000,0.000000,,,45,.,.,31.000000,11.000000,,2.81818181818
INDEL,I1_5,TS_contained,ALL,*,QUAL,*,0.994626,0.997008,0.0,0.995815,2,3,2542343946.000000,2542343946.000000,0.000000,5024,.,.,2705.000000,1898.000000,,1.42518440464,4997,.,.,2703.000000,1890.000000,,1.43015873016,27,.,.,2.000000,8.000000,,0.25,5013,.,.,2918.000000,1889.000000,,1.54473266278,4998,.,.,2903.000000,1889.000000,,1.53679195341,15,.,.,15.000000,0.000000,,,0,.,.,0.000000,0.000000,,
INDEL,I1_5,TS_contained,PASS,*,QUAL,*,0.994427,0.998402,0.0,0.99641,2,1,2542343946.000000,2542343946.000000,0.000000,5024,.,.,2705.000000,1898.000000,,1.42518440464,4996,.,.,2702.000000,1890.000000,,1.42962962963,28,.,.,3.000000,8.000000,,0.375,5005,.,.,2910.000000,1889.000000,,1.54049761779,4997,.,.,2902.000000,1889.000000,,1.53626257279,8,.,.,8.000000,0.000000,,,0,.,.,0.000000,0.000000,,
INDEL,I6_15,*,ALL,*,QUAL,*,0.986207,0.989619,0.594101,0.98791,0,3,64274167,2542343946.000000,0.000000,580,.,.,274.000000,148.000000,,1.85135135135,572,.,.,271.000000,147.000000,,1.84353741497,8,.,.,3.000000,1.000000,,3.0,1424,.,.,817.000000,319.000000,,2.56112852665,572,.,.,312.000000,147.000000,,2.12244897959,6,.,.,6.000000,0.000000,,,846,.,.,499.000000,172.000000,,2.9011627907
INDEL,I6_15,*,PASS,*,QUAL,*,0.986207,0.991334,0.58638,0.988764,0,2,64274167,2542343946.000000,0.000000,580,.,.,274.000000,148.000000,,1.85135135135,572,.,.,271.000000,147.000000,,1.84353741497,8,.,.,3.000000,1.000000,,3.0,1395,.,.,788.000000,319.000000,,2.47021943574,572,.,.,312.000000,147.000000,,2.12244897959,5,.,.,5.000000,0.000000,,,818,.,.,471.000000,172.000000,,2.73837209302
INDEL,I6_15,TS_boundary,ALL,*,QUAL,*,0.0,,1.0,,0,0,3030848912.000000,2542343946.000000,0.000000,0,.,.,0.000000,0.000000,,,0,.,.,0.000000,0.000000,,,0,.,.,0.000000,0.000000,,,21,.,.,13.000000,7.000000,,1.85714285714,0,.,.,0.000000,0.000000,,,0,.,.,0.000000,0.000000,,,21,.,.,13.000000,7.000000,,1.85714285714
INDEL,I6_15,TS_boundary,PASS,*,QUAL,*,0.0,,1.0,,0,0,3030848912.000000,2542343946.000000,0.000000,0,.,.,0.000000,0.000000,,,0,.,.,0.000000,0.000000,,,0,.,.,0.000000,0.000000,,,21,.,.,13.000000,7.000000,,1.85714285714,0,.,.,0.000000,0.000000,,,0,.,.,0.000000,0.000000,,,21,.,.,13.000000,7.000000,,1.85714285714
INDEL,I6_15,TS_contained,ALL,*,QUAL,*,0.986207,0.989619,0.0,0.98791,0,3,2542343946.000000,2542343946.000000,0.000000,580,.,.,274.000000,148.000000,,1.85135135135,572,.,.,271.000000,147.000000,,1.84353741497,8,.,.,3.000000,1.000000,,3.0,578,.,.,318.000000,147.000000,,2.16326530612,572,.,.,312.000000,147.000000,,2.12244897959,6,.,.,6.000000,0.000000,,,0,.,.,0.000000,0.000000,,
INDEL,I6_15,TS_contained,PASS,*,QUAL,*,0.986207,0.991334,0.0,0.988764,0,2,2542343946.000000,2542343946.000000,0.000000,580,.,.,274.000000,148.000000,,1.85135135135,572,.,.,271.000000,147.000000,,1.84353741497,8,.,.,3.000000,1.000000,,3.0,577,.,.,317.000000,147.000000,,2.15646258503,572,.,.,312.000000,147.000000,,2.12244897959,5,.,.,5.000000,0.000000,,,0,.,.,0.000000,0.000000,,
SNP,*,*,ALL,*,QUAL,*,0.996313,0.99015,0.346049,0.993222,22,25,64274167,2542343946.000000,0.000000,71333,49826.000000,21524.000000,45053.000000,26255.000000,2.31490429288,1.71597790897,71070,49638.000000,21449.000000,44861.000000,26184.000000,2.31423376381,1.71329819737,263,188.000000,75.000000,192.000000,71.000000,2.50666666667,2.70422535211,109759,70761.000000,39072.000000,79041.000000,30621.000000,1.81104115479,2.58126775742,71070,49638.000000,21449.000000,44861.000000,26184.000000,2.31423376381,1.71329819737,707,343.000000,364.000000,704.000000,3.000000,0.942307692308,234.666666667,37982,20780.000000,17259.000000,33476.000000,4434.000000,1.20400950229,7.549842129
SNP,*,*,PASS,*,QUAL,*,0.985911,0.999091,0.175207,0.992457,2,3,64274167,2542343946.000000,0.000000,71333,49826.000000,21524.000000,45053.000000,26255.000000,2.31490429288,1.71597790897,70328,49128.000000,21215.000000,44449.000000,25857.000000,2.31572000943,1.71903159686,1005,698.000000,309.000000,604.000000,398.000000,2.25889967638,1.5175879397,85345,57991.000000,27391.000000,56858.000000,28437.000000,2.11715526998,1.99943735274,70328,49128.000000,21215.000000,44449.000000,25857.000000,2.31572000943,1.71903159686,64,33.000000,31.000000,64.000000,0.000000,1.06451612903,,14953,8830.000000,6145.000000,12345.000000,2580.000000,1.43694060212,4.78488372093
SNP,*,TS_boundary,ALL,*,QUAL,*,0.958333,0.793103,0.575314,0.867925,0,0,3030848912.000000,2542343946.000000,0.000000,168,123.000000,45.000000,109.000000,59.000000,2.73333333333,1.84745762712,161,117.000000,44.000000,102.000000,59.000000,2.65909090909,1.72881355932,7,6.000000,1.000000,7.000000,0.000000,6.0,,478,311.000000,167.000000,367.000000,111.000000,1.8622754491,3.30630630631,161,117.000000,44.000000,102.000000,59.000000,2.65909090909,1.72881355932,42,27.000000,15.000000,42.000000,0.000000,1.8,,275,167.000000,108.000000,223.000000,52.000000,1.5462962963,4.28846153846
SNP,*,TS_boundary,PASS,*,QUAL,*,0.910714,0.95625,0.565217,0.932927,0,0,3030848912.000000,2542343946.000000,0.000000,168,123.000000,45.000000,109.000000,59.000000,2.73333333333,1.84745762712,153,110.000000,43.000000,95.000000,58.000000,2.55813953488,1.63793103448,15,13.000000,2.000000,14.000000,1.000000,6.5,14.0,368,248.000000,120.000000,259.000000,109.000000,2.06666666667,2.37614678899,153,110.000000,43.000000,95.000000,58.000000,2.55813953488,1.63793103448,7,6.000000,1.000000,7.000000,0.000000,6.0,,208,132.000000,76.000000,157.000000,51.000000,1.73684210526,3.07843137255
SNP,*,TS_contained,ALL,*,QUAL,*,0.996403,0.990709,0.0,0.993548,22,25,2542343946.000000,2542343946.000000,0.000000,71165,49703.000000,21479.000000,44944.000000,26196.000000,2.31402765492,1.71568178348,70909,49521.000000,21405.000000,44759.000000,26125.000000,2.31352487737,1.71326315789,256,182.000000,74.000000,185.000000,71.000000,2.45945945946,2.60563380282,71574,49837.000000,21754.000000,45421.000000,26128.000000,2.29093500046,1.73840324556,70909,49521.000000,21405.000000,44759.000000,26125.000000,2.31352487737,1.71326315789,665,316.000000,349.000000,662.000000,3.000000,0.905444126074,220.666666667,0,0.000000,0.000000,0.000000,0.000000,,
SNP,*,TS_contained,PASS,*,QUAL,*,0.986089,0.999188,0.0,0.992595,2,3,2542343946.000000,2542343946.000000,0.000000,71165,49703.000000,21479.000000,44944.000000,26196.000000,2.31402765492,1.71568178348,70175,49018.000000,21172.000000,44354.000000,25799.000000,2.31522765917,1.71921392302,990,685.000000,307.000000,590.000000,397.000000,2.23127035831,1.48614609572,70232,49045.000000,21202.000000,44411.000000,25799.000000,2.31322516744,1.72142331098,70175,49018.000000,21172.000000,44354.000000,25799.000000,2.31522765917,1.71921392302,57,27.000000,30.000000,57.000000,0.000000,0.9,,0,0.000000,0.000000,0.000000,0.000000,,
