run_accession	fastq_ftp	fastq_bytes	read_count
ERR2000599	ftp.sra.ebi.ac.uk/vol1/fastq/ERR200/009/ERR2000599/ERR2000599.fastq.gz;ftp.sra.ebi.ac.uk/vol1/fastq/ERR200/009/ERR2000599/ERR2000599_1.fastq.gz;ftp.sra.ebi.ac.uk/vol1/fastq/ERR200/009/ERR2000599/ERR2000599_2.fastq.gz	5733320547;797008685;831187895	201428157
ERR2000600	ftp.sra.ebi.ac.uk/vol1/fastq/ERR200/000/ERR2000600/ERR2000600.fastq.gz;ftp.sra.ebi.ac.uk/vol1/fastq/ERR200/000/ERR2000600/ERR2000600_1.fastq.gz;ftp.sra.ebi.ac.uk/vol1/fastq/ERR200/000/ERR2000600/ERR2000600_2.fastq.gz	1811178702;231596573;232772849	61973515
ERR2000606	ftp.sra.ebi.ac.uk/vol1/fastq/ERR200/006/ERR2000606/ERR2000606.fastq.gz;ftp.sra.ebi.ac.uk/vol1/fastq/ERR200/006/ERR2000606/ERR2000606_1.fastq.gz;ftp.sra.ebi.ac.uk/vol1/fastq/ERR200/006/ERR2000606/ERR2000606_2.fastq.gz	1710439297;235926367;229637768	57010919
ERR2000607	ftp.sra.ebi.ac.uk/vol1/fastq/ERR200/007/ERR2000607/ERR2000607.fastq.gz;ftp.sra.ebi.ac.uk/vol1/fastq/ERR200/007/ERR2000607/ERR2000607_1.fastq.gz;ftp.sra.ebi.ac.uk/vol1/fastq/ERR200/007/ERR2000607/ERR2000607_2.fastq.gz	1717220539;253752932;253318468	58361926
ERR2000610	ftp.sra.ebi.ac.uk/vol1/fastq/ERR200/000/ERR2000610/ERR2000610.fastq.gz;ftp.sra.ebi.ac.uk/vol1/fastq/ERR200/000/ERR2000610/ERR2000610_1.fastq.gz;ftp.sra.ebi.ac.uk/vol1/fastq/ERR200/000/ERR2000610/ERR2000610_2.fastq.gz	1478746979;203479966;197865728	49432832
ERR2000612	ftp.sra.ebi.ac.uk/vol1/fastq/ERR200/002/ERR2000612/ERR2000612.fastq.gz;ftp.sra.ebi.ac.uk/vol1/fastq/ERR200/002/ERR2000612/ERR2000612_1.fastq.gz;ftp.sra.ebi.ac.uk/vol1/fastq/ERR200/002/ERR2000612/ERR2000612_2.fastq.gz	1528445728;200817027;198482704	52131704
ERR2000616	ftp.sra.ebi.ac.uk/vol1/fastq/ERR200/006/ERR2000616/ERR2000616.fastq.gz;ftp.sra.ebi.ac.uk/vol1/fastq/ERR200/006/ERR2000616/ERR2000616_1.fastq.gz;ftp.sra.ebi.ac.uk/vol1/fastq/ERR200/006/ERR2000616/ERR2000616_2.fastq.gz	1774064479;235147021;232651549	60455717
ERR2000617	ftp.sra.ebi.ac.uk/vol1/fastq/ERR200/007/ERR2000617/ERR2000617.fastq.gz;ftp.sra.ebi.ac.uk/vol1/fastq/ERR200/007/ERR2000617/ERR2000617_1.fastq.gz;ftp.sra.ebi.ac.uk/vol1/fastq/ERR200/007/ERR2000617/ERR2000617_2.fastq.gz	1772741596;232205215;227828216	60332023
ERR2000618	ftp.sra.ebi.ac.uk/vol1/fastq/ERR200/008/ERR2000618/ERR2000618.fastq.gz;ftp.sra.ebi.ac.uk/vol1/fastq/ERR200/008/ERR2000618/ERR2000618_1.fastq.gz;ftp.sra.ebi.ac.uk/vol1/fastq/ERR200/008/ERR2000618/ERR2000618_2.fastq.gz	1722678519;238588205;232130946	57316547
ERR2000621	ftp.sra.ebi.ac.uk/vol1/fastq/ERR200/001/ERR2000621/ERR2000621.fastq.gz;ftp.sra.ebi.ac.uk/vol1/fastq/ERR200/001/ERR2000621/ERR2000621_1.fastq.gz;ftp.sra.ebi.ac.uk/vol1/fastq/ERR200/001/ERR2000621/ERR2000621_2.fastq.gz	1774031214;230852597;227457107	60497418
ERR2000622	ftp.sra.ebi.ac.uk/vol1/fastq/ERR200/002/ERR2000622/ERR2000622.fastq.gz;ftp.sra.ebi.ac.uk/vol1/fastq/ERR200/002/ERR2000622/ERR2000622_1.fastq.gz;ftp.sra.ebi.ac.uk/vol1/fastq/ERR200/002/ERR2000622/ERR2000622_2.fastq.gz	1733837447;238591036;232431714	57781683
ERR2000623	ftp.sra.ebi.ac.uk/vol1/fastq/ERR200/003/ERR2000623/ERR2000623.fastq.gz;ftp.sra.ebi.ac.uk/vol1/fastq/ERR200/003/ERR2000623/ERR2000623_1.fastq.gz;ftp.sra.ebi.ac.uk/vol1/fastq/ERR200/003/ERR2000623/ERR2000623_2.fastq.gz	1738159757;260474132;259293397	58980548
ERR2000627	ftp.sra.ebi.ac.uk/vol1/fastq/ERR200/007/ERR2000627/ERR2000627.fastq.gz;ftp.sra.ebi.ac.uk/vol1/fastq/ERR200/007/ERR2000627/ERR2000627_1.fastq.gz;ftp.sra.ebi.ac.uk/vol1/fastq/ERR200/007/ERR2000627/ERR2000627_2.fastq.gz	1734262578;251723608;253225432	58828899
ERR2000632	ftp.sra.ebi.ac.uk/vol1/fastq/ERR200/002/ERR2000632/ERR2000632.fastq.gz;ftp.sra.ebi.ac.uk/vol1/fastq/ERR200/002/ERR2000632/ERR2000632_1.fastq.gz;ftp.sra.ebi.ac.uk/vol1/fastq/ERR200/002/ERR2000632/ERR2000632_2.fastq.gz	905747971;117991988;114921356	30955611
ERR2000633	ftp.sra.ebi.ac.uk/vol1/fastq/ERR200/003/ERR2000633/ERR2000633.fastq.gz;ftp.sra.ebi.ac.uk/vol1/fastq/ERR200/003/ERR2000633/ERR2000633_1.fastq.gz;ftp.sra.ebi.ac.uk/vol1/fastq/ERR200/003/ERR2000633/ERR2000633_2.fastq.gz	879546429;116379591;110953700	30051734
ERR2000639	ftp.sra.ebi.ac.uk/vol1/fastq/ERR200/009/ERR2000639/ERR2000639.fastq.gz;ftp.sra.ebi.ac.uk/vol1/fastq/ERR200/009/ERR2000639/ERR2000639_1.fastq.gz;ftp.sra.ebi.ac.uk/vol1/fastq/ERR200/009/ERR2000639/ERR2000639_2.fastq.gz	859062784;129194175;126182428	28868557
ERR2000642	ftp.sra.ebi.ac.uk/vol1/fastq/ERR200/002/ERR2000642/ERR2000642.fastq.gz;ftp.sra.ebi.ac.uk/vol1/fastq/ERR200/002/ERR2000642/ERR2000642_1.fastq.gz;ftp.sra.ebi.ac.uk/vol1/fastq/ERR200/002/ERR2000642/ERR2000642_2.fastq.gz	851086102;121928937;114387487	28136999
ERR2000649	ftp.sra.ebi.ac.uk/vol1/fastq/ERR200/009/ERR2000649/ERR2000649.fastq.gz;ftp.sra.ebi.ac.uk/vol1/fastq/ERR200/009/ERR2000649/ERR2000649_1.fastq.gz;ftp.sra.ebi.ac.uk/vol1/fastq/ERR200/009/ERR2000649/ERR2000649_2.fastq.gz	853488260;120202988;111839736	28650058
ERR2000650	ftp.sra.ebi.ac.uk/vol1/fastq/ERR200/000/ERR2000650/ERR2000650.fastq.gz;ftp.sra.ebi.ac.uk/vol1/fastq/ERR200/000/ERR2000650/ERR2000650_1.fastq.gz;ftp.sra.ebi.ac.uk/vol1/fastq/ERR200/000/ERR2000650/ERR2000650_2.fastq.gz	852776712;125537367;116820756	28019448
ERR2000654	ftp.sra.ebi.ac.uk/vol1/fastq/ERR200/004/ERR2000654/ERR2000654.fastq.gz;ftp.sra.ebi.ac.uk/vol1/fastq/ERR200/004/ERR2000654/ERR2000654_1.fastq.gz;ftp.sra.ebi.ac.uk/vol1/fastq/ERR200/004/ERR2000654/ERR2000654_2.fastq.gz	877266115;123661481;117589937	29248337
ERR2000659	ftp.sra.ebi.ac.uk/vol1/fastq/ERR200/009/ERR2000659/ERR2000659.fastq.gz;ftp.sra.ebi.ac.uk/vol1/fastq/ERR200/009/ERR2000659/ERR2000659_1.fastq.gz;ftp.sra.ebi.ac.uk/vol1/fastq/ERR200/009/ERR2000659/ERR2000659_2.fastq.gz	867528556;129368924;127589748	29277737
ERR2000660	ftp.sra.ebi.ac.uk/vol1/fastq/ERR200/000/ERR2000660/ERR2000660.fastq.gz;ftp.sra.ebi.ac.uk/vol1/fastq/ERR200/000/ERR2000660/ERR2000660_1.fastq.gz;ftp.sra.ebi.ac.uk/vol1/fastq/ERR200/000/ERR2000660/ERR2000660_2.fastq.gz	922685106;119575864;117785620	31589431
ERR2000662	ftp.sra.ebi.ac.uk/vol1/fastq/ERR200/002/ERR2000662/ERR2000662.fastq.gz;ftp.sra.ebi.ac.uk/vol1/fastq/ERR200/002/ERR2000662/ERR2000662_1.fastq.gz;ftp.sra.ebi.ac.uk/vol1/fastq/ERR200/002/ERR2000662/ERR2000662_2.fastq.gz	879584805;119455575;114478785	29344598
ERR2000665	ftp.sra.ebi.ac.uk/vol1/fastq/ERR200/005/ERR2000665/ERR2000665.fastq.gz;ftp.sra.ebi.ac.uk/vol1/fastq/ERR200/005/ERR2000665/ERR2000665_1.fastq.gz;ftp.sra.ebi.ac.uk/vol1/fastq/ERR200/005/ERR2000665/ERR2000665_2.fastq.gz	4904780438;2515689440;2580134450	153187821
ERR2000669	ftp.sra.ebi.ac.uk/vol1/fastq/ERR200/009/ERR2000669/ERR2000669.fastq.gz;ftp.sra.ebi.ac.uk/vol1/fastq/ERR200/009/ERR2000669/ERR2000669_1.fastq.gz;ftp.sra.ebi.ac.uk/vol1/fastq/ERR200/009/ERR2000669/ERR2000669_2.fastq.gz	4264080559;726040258;747888774	142016858
ERR2000671	ftp.sra.ebi.ac.uk/vol1/fastq/ERR200/001/ERR2000671/ERR2000671.fastq.gz;ftp.sra.ebi.ac.uk/vol1/fastq/ERR200/001/ERR2000671/ERR2000671_1.fastq.gz;ftp.sra.ebi.ac.uk/vol1/fastq/ERR200/001/ERR2000671/ERR2000671_2.fastq.gz	3687466604;578935325;595457296	123547766
ERR2000672	ftp.sra.ebi.ac.uk/vol1/fastq/ERR200/002/ERR2000672/ERR2000672.fastq.gz;ftp.sra.ebi.ac.uk/vol1/fastq/ERR200/002/ERR2000672/ERR2000672_1.fastq.gz;ftp.sra.ebi.ac.uk/vol1/fastq/ERR200/002/ERR2000672/ERR2000672_2.fastq.gz	3611617530;568315150;577616831	120839745
ERR2000673	ftp.sra.ebi.ac.uk/vol1/fastq/ERR200/003/ERR2000673/ERR2000673.fastq.gz;ftp.sra.ebi.ac.uk/vol1/fastq/ERR200/003/ERR2000673/ERR2000673_1.fastq.gz;ftp.sra.ebi.ac.uk/vol1/fastq/ERR200/003/ERR2000673/ERR2000673_2.fastq.gz	3743325434;595245461;598622944	126812621
ERR2000674	ftp.sra.ebi.ac.uk/vol1/fastq/ERR200/004/ERR2000674/ERR2000674.fastq.gz;ftp.sra.ebi.ac.uk/vol1/fastq/ERR200/004/ERR2000674/ERR2000674_1.fastq.gz;ftp.sra.ebi.ac.uk/vol1/fastq/ERR200/004/ERR2000674/ERR2000674_2.fastq.gz	3810215438;611494878;612509187	128354569
ERR2000682	ftp.sra.ebi.ac.uk/vol1/fastq/ERR200/002/ERR2000682/ERR2000682.fastq.gz;ftp.sra.ebi.ac.uk/vol1/fastq/ERR200/002/ERR2000682/ERR2000682_1.fastq.gz;ftp.sra.ebi.ac.uk/vol1/fastq/ERR200/002/ERR2000682/ERR2000682_2.fastq.gz	4947655103;802698863;850991321	163159114
ERR2000687	ftp.sra.ebi.ac.uk/vol1/fastq/ERR200/007/ERR2000687/ERR2000687.fastq.gz;ftp.sra.ebi.ac.uk/vol1/fastq/ERR200/007/ERR2000687/ERR2000687_1.fastq.gz;ftp.sra.ebi.ac.uk/vol1/fastq/ERR200/007/ERR2000687/ERR2000687_2.fastq.gz	5363898700;920131494;948456391	151520764
ERR2000688	ftp.sra.ebi.ac.uk/vol1/fastq/ERR200/008/ERR2000688/ERR2000688.fastq.gz;ftp.sra.ebi.ac.uk/vol1/fastq/ERR200/008/ERR2000688/ERR2000688_1.fastq.gz;ftp.sra.ebi.ac.uk/vol1/fastq/ERR200/008/ERR2000688/ERR2000688_2.fastq.gz	5350914627;918205940;945869737	150844585
ERR2000692	ftp.sra.ebi.ac.uk/vol1/fastq/ERR200/002/ERR2000692/ERR2000692.fastq.gz;ftp.sra.ebi.ac.uk/vol1/fastq/ERR200/002/ERR2000692/ERR2000692_1.fastq.gz;ftp.sra.ebi.ac.uk/vol1/fastq/ERR200/002/ERR2000692/ERR2000692_2.fastq.gz	5796415323;1052852898;1102438266	188621491
ERR2000693	ftp.sra.ebi.ac.uk/vol1/fastq/ERR200/003/ERR2000693/ERR2000693.fastq.gz;ftp.sra.ebi.ac.uk/vol1/fastq/ERR200/003/ERR2000693/ERR2000693_1.fastq.gz;ftp.sra.ebi.ac.uk/vol1/fastq/ERR200/003/ERR2000693/ERR2000693_2.fastq.gz	5936893118;1097209234;1148374799	191411639
ERR2000697	ftp.sra.ebi.ac.uk/vol1/fastq/ERR200/007/ERR2000697/ERR2000697.fastq.gz;ftp.sra.ebi.ac.uk/vol1/fastq/ERR200/007/ERR2000697/ERR2000697_1.fastq.gz;ftp.sra.ebi.ac.uk/vol1/fastq/ERR200/007/ERR2000697/ERR2000697_2.fastq.gz	5799065844;1036418534;1087237364	187682271
ERR2000699	ftp.sra.ebi.ac.uk/vol1/fastq/ERR200/009/ERR2000699/ERR2000699.fastq.gz;ftp.sra.ebi.ac.uk/vol1/fastq/ERR200/009/ERR2000699/ERR2000699_1.fastq.gz;ftp.sra.ebi.ac.uk/vol1/fastq/ERR200/009/ERR2000699/ERR2000699_2.fastq.gz	6960409994;1248258421;1282719079	188708209
ERR2000700	ftp.sra.ebi.ac.uk/vol1/fastq/ERR200/000/ERR2000700/ERR2000700.fastq.gz;ftp.sra.ebi.ac.uk/vol1/fastq/ERR200/000/ERR2000700/ERR2000700_1.fastq.gz;ftp.sra.ebi.ac.uk/vol1/fastq/ERR200/000/ERR2000700/ERR2000700_2.fastq.gz	6986595168;1227961701;1257201134	189492115
ERR2000701	ftp.sra.ebi.ac.uk/vol1/fastq/ERR200/001/ERR2000701/ERR2000701.fastq.gz;ftp.sra.ebi.ac.uk/vol1/fastq/ERR200/001/ERR2000701/ERR2000701_1.fastq.gz;ftp.sra.ebi.ac.uk/vol1/fastq/ERR200/001/ERR2000701/ERR2000701_2.fastq.gz	7164218612;1259647471;1296908813	192698926
ERR2000703	ftp.sra.ebi.ac.uk/vol1/fastq/ERR200/003/ERR2000703/ERR2000703.fastq.gz;ftp.sra.ebi.ac.uk/vol1/fastq/ERR200/003/ERR2000703/ERR2000703_1.fastq.gz;ftp.sra.ebi.ac.uk/vol1/fastq/ERR200/003/ERR2000703/ERR2000703_2.fastq.gz	7098740573;1256264065;1284304632	192274354
ERR2000705	ftp.sra.ebi.ac.uk/vol1/fastq/ERR200/005/ERR2000705/ERR2000705.fastq.gz;ftp.sra.ebi.ac.uk/vol1/fastq/ERR200/005/ERR2000705/ERR2000705_1.fastq.gz;ftp.sra.ebi.ac.uk/vol1/fastq/ERR200/005/ERR2000705/ERR2000705_2.fastq.gz	6979100708;1236893912;1262004268	188628217
ERR2000708	ftp.sra.ebi.ac.uk/vol1/fastq/ERR200/008/ERR2000708/ERR2000708.fastq.gz;ftp.sra.ebi.ac.uk/vol1/fastq/ERR200/008/ERR2000708/ERR2000708_1.fastq.gz;ftp.sra.ebi.ac.uk/vol1/fastq/ERR200/008/ERR2000708/ERR2000708_2.fastq.gz	5598374808;941319312;988893476	183047455
ERR2000709	ftp.sra.ebi.ac.uk/vol1/fastq/ERR200/009/ERR2000709/ERR2000709.fastq.gz;ftp.sra.ebi.ac.uk/vol1/fastq/ERR200/009/ERR2000709/ERR2000709_1.fastq.gz;ftp.sra.ebi.ac.uk/vol1/fastq/ERR200/009/ERR2000709/ERR2000709_2.fastq.gz	5564025804;927583942;976930624	182116983
ERR2000713	ftp.sra.ebi.ac.uk/vol1/fastq/ERR200/003/ERR2000713/ERR2000713.fastq.gz;ftp.sra.ebi.ac.uk/vol1/fastq/ERR200/003/ERR2000713/ERR2000713_1.fastq.gz;ftp.sra.ebi.ac.uk/vol1/fastq/ERR200/003/ERR2000713/ERR2000713_2.fastq.gz	5953333471;979029554;1031819727	194577975
ERR2000716	ftp.sra.ebi.ac.uk/vol1/fastq/ERR200/006/ERR2000716/ERR2000716.fastq.gz;ftp.sra.ebi.ac.uk/vol1/fastq/ERR200/006/ERR2000716/ERR2000716_1.fastq.gz;ftp.sra.ebi.ac.uk/vol1/fastq/ERR200/006/ERR2000716/ERR2000716_2.fastq.gz	8929694900;1153229089;1167964513	217971984
ERR2000717	ftp.sra.ebi.ac.uk/vol1/fastq/ERR200/007/ERR2000717/ERR2000717.fastq.gz;ftp.sra.ebi.ac.uk/vol1/fastq/ERR200/007/ERR2000717/ERR2000717_1.fastq.gz;ftp.sra.ebi.ac.uk/vol1/fastq/ERR200/007/ERR2000717/ERR2000717_2.fastq.gz	8807210329;1139107088;1160192120	217456905
ERR2000719	ftp.sra.ebi.ac.uk/vol1/fastq/ERR200/009/ERR2000719/ERR2000719.fastq.gz;ftp.sra.ebi.ac.uk/vol1/fastq/ERR200/009/ERR2000719/ERR2000719_1.fastq.gz;ftp.sra.ebi.ac.uk/vol1/fastq/ERR200/009/ERR2000719/ERR2000719_2.fastq.gz	756154560;110844875;110706378	22168683
ERR2000720	ftp.sra.ebi.ac.uk/vol1/fastq/ERR200/000/ERR2000720/ERR2000720.fastq.gz;ftp.sra.ebi.ac.uk/vol1/fastq/ERR200/000/ERR2000720/ERR2000720_1.fastq.gz;ftp.sra.ebi.ac.uk/vol1/fastq/ERR200/000/ERR2000720/ERR2000720_2.fastq.gz	8838022376;1145822897;1167158756	218557590
ERR2000722	ftp.sra.ebi.ac.uk/vol1/fastq/ERR200/002/ERR2000722/ERR2000722.fastq.gz;ftp.sra.ebi.ac.uk/vol1/fastq/ERR200/002/ERR2000722/ERR2000722_1.fastq.gz;ftp.sra.ebi.ac.uk/vol1/fastq/ERR200/002/ERR2000722/ERR2000722_2.fastq.gz	8836510529;1139920384;1167026046	218321287
ERR2000731	ftp.sra.ebi.ac.uk/vol1/fastq/ERR200/001/ERR2000731/ERR2000731.fastq.gz;ftp.sra.ebi.ac.uk/vol1/fastq/ERR200/001/ERR2000731/ERR2000731_1.fastq.gz;ftp.sra.ebi.ac.uk/vol1/fastq/ERR200/001/ERR2000731/ERR2000731_2.fastq.gz	3229728585;666119001;675366547	85469471
ERR2000734	ftp.sra.ebi.ac.uk/vol1/fastq/ERR200/004/ERR2000734/ERR2000734.fastq.gz;ftp.sra.ebi.ac.uk/vol1/fastq/ERR200/004/ERR2000734/ERR2000734_1.fastq.gz;ftp.sra.ebi.ac.uk/vol1/fastq/ERR200/004/ERR2000734/ERR2000734_2.fastq.gz	4047090136;801813588;814523489	106003385
ERR2000735	ftp.sra.ebi.ac.uk/vol1/fastq/ERR200/005/ERR2000735/ERR2000735.fastq.gz;ftp.sra.ebi.ac.uk/vol1/fastq/ERR200/005/ERR2000735/ERR2000735_1.fastq.gz;ftp.sra.ebi.ac.uk/vol1/fastq/ERR200/005/ERR2000735/ERR2000735_2.fastq.gz	2737710123;568871363;574036719	73835247
ERR2000737	ftp.sra.ebi.ac.uk/vol1/fastq/ERR200/007/ERR2000737/ERR2000737.fastq.gz;ftp.sra.ebi.ac.uk/vol1/fastq/ERR200/007/ERR2000737/ERR2000737_1.fastq.gz;ftp.sra.ebi.ac.uk/vol1/fastq/ERR200/007/ERR2000737/ERR2000737_2.fastq.gz	2945253204;604033622;607072312	79236368
ERR2000741	ftp.sra.ebi.ac.uk/vol1/fastq/ERR200/001/ERR2000741/ERR2000741.fastq.gz;ftp.sra.ebi.ac.uk/vol1/fastq/ERR200/001/ERR2000741/ERR2000741_1.fastq.gz;ftp.sra.ebi.ac.uk/vol1/fastq/ERR200/001/ERR2000741/ERR2000741_2.fastq.gz	5780296612;1028777470;1069903736	188382558
ERR2000744	ftp.sra.ebi.ac.uk/vol1/fastq/ERR200/004/ERR2000744/ERR2000744.fastq.gz;ftp.sra.ebi.ac.uk/vol1/fastq/ERR200/004/ERR2000744/ERR2000744_1.fastq.gz;ftp.sra.ebi.ac.uk/vol1/fastq/ERR200/004/ERR2000744/ERR2000744_2.fastq.gz	5778572809;1024976088;1059347456	186154240
ERR2000746	ftp.sra.ebi.ac.uk/vol1/fastq/ERR200/006/ERR2000746/ERR2000746.fastq.gz;ftp.sra.ebi.ac.uk/vol1/fastq/ERR200/006/ERR2000746/ERR2000746_1.fastq.gz;ftp.sra.ebi.ac.uk/vol1/fastq/ERR200/006/ERR2000746/ERR2000746_2.fastq.gz	5658864867;994722916;1037002207	184948799
ERR2000750	ftp.sra.ebi.ac.uk/vol1/fastq/ERR200/000/ERR2000750/ERR2000750.fastq.gz;ftp.sra.ebi.ac.uk/vol1/fastq/ERR200/000/ERR2000750/ERR2000750_1.fastq.gz;ftp.sra.ebi.ac.uk/vol1/fastq/ERR200/000/ERR2000750/ERR2000750_2.fastq.gz	6592185885;1660958344;1245322210	220717618
ERR2000752	ftp.sra.ebi.ac.uk/vol1/fastq/ERR200/002/ERR2000752/ERR2000752.fastq.gz;ftp.sra.ebi.ac.uk/vol1/fastq/ERR200/002/ERR2000752/ERR2000752_1.fastq.gz;ftp.sra.ebi.ac.uk/vol1/fastq/ERR200/002/ERR2000752/ERR2000752_2.fastq.gz	7092588232;1290728908;1335390909	230866821
ERR2000753	ftp.sra.ebi.ac.uk/vol1/fastq/ERR200/003/ERR2000753/ERR2000753.fastq.gz;ftp.sra.ebi.ac.uk/vol1/fastq/ERR200/003/ERR2000753/ERR2000753_1.fastq.gz;ftp.sra.ebi.ac.uk/vol1/fastq/ERR200/003/ERR2000753/ERR2000753_2.fastq.gz	6959509241;1251941202;1297346844	227321136
ERR2000756	ftp.sra.ebi.ac.uk/vol1/fastq/ERR200/006/ERR2000756/ERR2000756.fastq.gz;ftp.sra.ebi.ac.uk/vol1/fastq/ERR200/006/ERR2000756/ERR2000756_1.fastq.gz;ftp.sra.ebi.ac.uk/vol1/fastq/ERR200/006/ERR2000756/ERR2000756_2.fastq.gz	6163168239;1080462828;1129950566	204406506
ERR2000759	ftp.sra.ebi.ac.uk/vol1/fastq/ERR200/009/ERR2000759/ERR2000759.fastq.gz;ftp.sra.ebi.ac.uk/vol1/fastq/ERR200/009/ERR2000759/ERR2000759_1.fastq.gz;ftp.sra.ebi.ac.uk/vol1/fastq/ERR200/009/ERR2000759/ERR2000759_2.fastq.gz	6086016316;1063579588;1104194058	203348062
ERR2000761	ftp.sra.ebi.ac.uk/vol1/fastq/ERR200/001/ERR2000761/ERR2000761.fastq.gz;ftp.sra.ebi.ac.uk/vol1/fastq/ERR200/001/ERR2000761/ERR2000761_1.fastq.gz;ftp.sra.ebi.ac.uk/vol1/fastq/ERR200/001/ERR2000761/ERR2000761_2.fastq.gz	6129947172;1065502989;1114137585	203412031
ERR2000763	ftp.sra.ebi.ac.uk/vol1/fastq/ERR200/003/ERR2000763/ERR2000763.fastq.gz;ftp.sra.ebi.ac.uk/vol1/fastq/ERR200/003/ERR2000763/ERR2000763_1.fastq.gz;ftp.sra.ebi.ac.uk/vol1/fastq/ERR200/003/ERR2000763/ERR2000763_2.fastq.gz	5745347199;1178624361;1255511243	181446351
ERR2000764	ftp.sra.ebi.ac.uk/vol1/fastq/ERR200/004/ERR2000764/ERR2000764.fastq.gz;ftp.sra.ebi.ac.uk/vol1/fastq/ERR200/004/ERR2000764/ERR2000764_1.fastq.gz;ftp.sra.ebi.ac.uk/vol1/fastq/ERR200/004/ERR2000764/ERR2000764_2.fastq.gz	5768786237;1059239245;1109784652	184583448
ERR2000766	ftp.sra.ebi.ac.uk/vol1/fastq/ERR200/006/ERR2000766/ERR2000766.fastq.gz;ftp.sra.ebi.ac.uk/vol1/fastq/ERR200/006/ERR2000766/ERR2000766_1.fastq.gz;ftp.sra.ebi.ac.uk/vol1/fastq/ERR200/006/ERR2000766/ERR2000766_2.fastq.gz	5800509868;1060519448;1102190771	183890474
ERR2000770	ftp.sra.ebi.ac.uk/vol1/fastq/ERR200/000/ERR2000770/ERR2000770.fastq.gz;ftp.sra.ebi.ac.uk/vol1/fastq/ERR200/000/ERR2000770/ERR2000770_1.fastq.gz;ftp.sra.ebi.ac.uk/vol1/fastq/ERR200/000/ERR2000770/ERR2000770_2.fastq.gz	5782198232;1078502388;1130039466	185932279
ERR2000772	ftp.sra.ebi.ac.uk/vol1/fastq/ERR200/002/ERR2000772/ERR2000772.fastq.gz;ftp.sra.ebi.ac.uk/vol1/fastq/ERR200/002/ERR2000772/ERR2000772_1.fastq.gz;ftp.sra.ebi.ac.uk/vol1/fastq/ERR200/002/ERR2000772/ERR2000772_2.fastq.gz	7636431698;1402771777;1467279271	234899897
ERR2000777	ftp.sra.ebi.ac.uk/vol1/fastq/ERR200/007/ERR2000777/ERR2000777.fastq.gz;ftp.sra.ebi.ac.uk/vol1/fastq/ERR200/007/ERR2000777/ERR2000777_1.fastq.gz;ftp.sra.ebi.ac.uk/vol1/fastq/ERR200/007/ERR2000777/ERR2000777_2.fastq.gz	7777302876;1384239740;1454320041	233222697
ERR2000778	ftp.sra.ebi.ac.uk/vol1/fastq/ERR200/008/ERR2000778/ERR2000778.fastq.gz;ftp.sra.ebi.ac.uk/vol1/fastq/ERR200/008/ERR2000778/ERR2000778_1.fastq.gz;ftp.sra.ebi.ac.uk/vol1/fastq/ERR200/008/ERR2000778/ERR2000778_2.fastq.gz	7734288256;1582539617;1612032730	234806636
ERR2000780	ftp.sra.ebi.ac.uk/vol1/fastq/ERR200/000/ERR2000780/ERR2000780.fastq.gz;ftp.sra.ebi.ac.uk/vol1/fastq/ERR200/000/ERR2000780/ERR2000780_1.fastq.gz;ftp.sra.ebi.ac.uk/vol1/fastq/ERR200/000/ERR2000780/ERR2000780_2.fastq.gz	6795607593;1317388445;1324225107	218783434
ERR2000792	ftp.sra.ebi.ac.uk/vol1/fastq/ERR200/002/ERR2000792/ERR2000792.fastq.gz;ftp.sra.ebi.ac.uk/vol1/fastq/ERR200/002/ERR2000792/ERR2000792_1.fastq.gz;ftp.sra.ebi.ac.uk/vol1/fastq/ERR200/002/ERR2000792/ERR2000792_2.fastq.gz	5761058596;949198068;1004909504	151258802
ERR2000797	ftp.sra.ebi.ac.uk/vol1/fastq/ERR200/007/ERR2000797/ERR2000797.fastq.gz;ftp.sra.ebi.ac.uk/vol1/fastq/ERR200/007/ERR2000797/ERR2000797_1.fastq.gz;ftp.sra.ebi.ac.uk/vol1/fastq/ERR200/007/ERR2000797/ERR2000797_2.fastq.gz	4028157300;694359347;711596229	135288635
ERR2000798	ftp.sra.ebi.ac.uk/vol1/fastq/ERR200/008/ERR2000798/ERR2000798.fastq.gz;ftp.sra.ebi.ac.uk/vol1/fastq/ERR200/008/ERR2000798/ERR2000798_1.fastq.gz;ftp.sra.ebi.ac.uk/vol1/fastq/ERR200/008/ERR2000798/ERR2000798_2.fastq.gz	3926800394;669412184;681786481	132677883
ERR2000800	ftp.sra.ebi.ac.uk/vol1/fastq/ERR200/000/ERR2000800/ERR2000800.fastq.gz;ftp.sra.ebi.ac.uk/vol1/fastq/ERR200/000/ERR2000800/ERR2000800_1.fastq.gz;ftp.sra.ebi.ac.uk/vol1/fastq/ERR200/000/ERR2000800/ERR2000800_2.fastq.gz	3788982739;678928325;680325284	131711701
ERR2000801	ftp.sra.ebi.ac.uk/vol1/fastq/ERR200/001/ERR2000801/ERR2000801.fastq.gz;ftp.sra.ebi.ac.uk/vol1/fastq/ERR200/001/ERR2000801/ERR2000801_1.fastq.gz;ftp.sra.ebi.ac.uk/vol1/fastq/ERR200/001/ERR2000801/ERR2000801_2.fastq.gz	1592378582;331071734;316702963	54599276
ERR2000803	ftp.sra.ebi.ac.uk/vol1/fastq/ERR200/003/ERR2000803/ERR2000803.fastq.gz;ftp.sra.ebi.ac.uk/vol1/fastq/ERR200/003/ERR2000803/ERR2000803_1.fastq.gz;ftp.sra.ebi.ac.uk/vol1/fastq/ERR200/003/ERR2000803/ERR2000803_2.fastq.gz	1667471171;328946565;318035979	54777060
ERR2000807	ftp.sra.ebi.ac.uk/vol1/fastq/ERR200/007/ERR2000807/ERR2000807.fastq.gz;ftp.sra.ebi.ac.uk/vol1/fastq/ERR200/007/ERR2000807/ERR2000807_1.fastq.gz;ftp.sra.ebi.ac.uk/vol1/fastq/ERR200/007/ERR2000807/ERR2000807_2.fastq.gz	1676570117;334606791;328214552	54531959
ERR2000809	ftp.sra.ebi.ac.uk/vol1/fastq/ERR200/009/ERR2000809/ERR2000809.fastq.gz;ftp.sra.ebi.ac.uk/vol1/fastq/ERR200/009/ERR2000809/ERR2000809_1.fastq.gz;ftp.sra.ebi.ac.uk/vol1/fastq/ERR200/009/ERR2000809/ERR2000809_2.fastq.gz	1553777694;307702469;300732003	52440609
ERR2000815	ftp.sra.ebi.ac.uk/vol1/fastq/ERR200/005/ERR2000815/ERR2000815.fastq.gz;ftp.sra.ebi.ac.uk/vol1/fastq/ERR200/005/ERR2000815/ERR2000815_1.fastq.gz;ftp.sra.ebi.ac.uk/vol1/fastq/ERR200/005/ERR2000815/ERR2000815_2.fastq.gz	1655820374;312574945;310881362	53474713
ERR2000816	ftp.sra.ebi.ac.uk/vol1/fastq/ERR200/006/ERR2000816/ERR2000816.fastq.gz;ftp.sra.ebi.ac.uk/vol1/fastq/ERR200/006/ERR2000816/ERR2000816_1.fastq.gz;ftp.sra.ebi.ac.uk/vol1/fastq/ERR200/006/ERR2000816/ERR2000816_2.fastq.gz	1987140702;369782153;366225807	63245378
ERR2000820	ftp.sra.ebi.ac.uk/vol1/fastq/ERR200/000/ERR2000820/ERR2000820.fastq.gz;ftp.sra.ebi.ac.uk/vol1/fastq/ERR200/000/ERR2000820/ERR2000820_1.fastq.gz;ftp.sra.ebi.ac.uk/vol1/fastq/ERR200/000/ERR2000820/ERR2000820_2.fastq.gz	2030326702;381546021;378672460	65365523
ERR2000823	ftp.sra.ebi.ac.uk/vol1/fastq/ERR200/003/ERR2000823/ERR2000823.fastq.gz;ftp.sra.ebi.ac.uk/vol1/fastq/ERR200/003/ERR2000823/ERR2000823_1.fastq.gz;ftp.sra.ebi.ac.uk/vol1/fastq/ERR200/003/ERR2000823/ERR2000823_2.fastq.gz	1701605770;323911382;321645975	55319643
ERR2000825	ftp.sra.ebi.ac.uk/vol1/fastq/ERR200/005/ERR2000825/ERR2000825.fastq.gz;ftp.sra.ebi.ac.uk/vol1/fastq/ERR200/005/ERR2000825/ERR2000825_1.fastq.gz;ftp.sra.ebi.ac.uk/vol1/fastq/ERR200/005/ERR2000825/ERR2000825_2.fastq.gz	1698225858;325186240;313673304	54270986
ERR2000833	ftp.sra.ebi.ac.uk/vol1/fastq/ERR200/003/ERR2000833/ERR2000833.fastq.gz;ftp.sra.ebi.ac.uk/vol1/fastq/ERR200/003/ERR2000833/ERR2000833_1.fastq.gz;ftp.sra.ebi.ac.uk/vol1/fastq/ERR200/003/ERR2000833/ERR2000833_2.fastq.gz	5466193882;997279093;1035346108	190582014
ERR2000838	ftp.sra.ebi.ac.uk/vol1/fastq/ERR200/008/ERR2000838/ERR2000838.fastq.gz;ftp.sra.ebi.ac.uk/vol1/fastq/ERR200/008/ERR2000838/ERR2000838_1.fastq.gz;ftp.sra.ebi.ac.uk/vol1/fastq/ERR200/008/ERR2000838/ERR2000838_2.fastq.gz	5193734546;1082153660;1109142856	179769244
ERR2000842	ftp.sra.ebi.ac.uk/vol1/fastq/ERR200/002/ERR2000842/ERR2000842.fastq.gz;ftp.sra.ebi.ac.uk/vol1/fastq/ERR200/002/ERR2000842/ERR2000842_1.fastq.gz;ftp.sra.ebi.ac.uk/vol1/fastq/ERR200/002/ERR2000842/ERR2000842_2.fastq.gz	1477691009;281330522;265960369	47306673
ERR2000846	ftp.sra.ebi.ac.uk/vol1/fastq/ERR200/006/ERR2000846/ERR2000846.fastq.gz;ftp.sra.ebi.ac.uk/vol1/fastq/ERR200/006/ERR2000846/ERR2000846_1.fastq.gz;ftp.sra.ebi.ac.uk/vol1/fastq/ERR200/006/ERR2000846/ERR2000846_2.fastq.gz	1454351408;298801976;277400320	47639767
ERR2000848	ftp.sra.ebi.ac.uk/vol1/fastq/ERR200/008/ERR2000848/ERR2000848.fastq.gz;ftp.sra.ebi.ac.uk/vol1/fastq/ERR200/008/ERR2000848/ERR2000848_1.fastq.gz;ftp.sra.ebi.ac.uk/vol1/fastq/ERR200/008/ERR2000848/ERR2000848_2.fastq.gz	1343455050;232734561;243573733	44297824
ERR2000850	ftp.sra.ebi.ac.uk/vol1/fastq/ERR200/000/ERR2000850/ERR2000850.fastq.gz;ftp.sra.ebi.ac.uk/vol1/fastq/ERR200/000/ERR2000850/ERR2000850_1.fastq.gz;ftp.sra.ebi.ac.uk/vol1/fastq/ERR200/000/ERR2000850/ERR2000850_2.fastq.gz	1255820439;214525784;224827538	40029527
ERR2000851	ftp.sra.ebi.ac.uk/vol1/fastq/ERR200/001/ERR2000851/ERR2000851.fastq.gz;ftp.sra.ebi.ac.uk/vol1/fastq/ERR200/001/ERR2000851/ERR2000851_1.fastq.gz;ftp.sra.ebi.ac.uk/vol1/fastq/ERR200/001/ERR2000851/ERR2000851_2.fastq.gz	1187174721;221337392;230292261	38500579
ERR2000852	ftp.sra.ebi.ac.uk/vol1/fastq/ERR200/002/ERR2000852/ERR2000852.fastq.gz;ftp.sra.ebi.ac.uk/vol1/fastq/ERR200/002/ERR2000852/ERR2000852_1.fastq.gz;ftp.sra.ebi.ac.uk/vol1/fastq/ERR200/002/ERR2000852/ERR2000852_2.fastq.gz	1165225000;198661269;206957945	36171907
ERR2000854	ftp.sra.ebi.ac.uk/vol1/fastq/ERR200/004/ERR2000854/ERR2000854.fastq.gz;ftp.sra.ebi.ac.uk/vol1/fastq/ERR200/004/ERR2000854/ERR2000854_1.fastq.gz;ftp.sra.ebi.ac.uk/vol1/fastq/ERR200/004/ERR2000854/ERR2000854_2.fastq.gz	1235642855;201602080;212256036	36825241
ERR2000856	ftp.sra.ebi.ac.uk/vol1/fastq/ERR200/006/ERR2000856/ERR2000856.fastq.gz;ftp.sra.ebi.ac.uk/vol1/fastq/ERR200/006/ERR2000856/ERR2000856_1.fastq.gz;ftp.sra.ebi.ac.uk/vol1/fastq/ERR200/006/ERR2000856/ERR2000856_2.fastq.gz	1138477219;203089522;210894546	35422344
ERR2000858	ftp.sra.ebi.ac.uk/vol1/fastq/ERR200/008/ERR2000858/ERR2000858.fastq.gz;ftp.sra.ebi.ac.uk/vol1/fastq/ERR200/008/ERR2000858/ERR2000858_1.fastq.gz;ftp.sra.ebi.ac.uk/vol1/fastq/ERR200/008/ERR2000858/ERR2000858_2.fastq.gz	1210391733;206913507;216995695	36161335
ERR2000859	ftp.sra.ebi.ac.uk/vol1/fastq/ERR200/009/ERR2000859/ERR2000859.fastq.gz;ftp.sra.ebi.ac.uk/vol1/fastq/ERR200/009/ERR2000859/ERR2000859_1.fastq.gz;ftp.sra.ebi.ac.uk/vol1/fastq/ERR200/009/ERR2000859/ERR2000859_2.fastq.gz	1388874155;229866192;239687710	40961710
ERR2000863	ftp.sra.ebi.ac.uk/vol1/fastq/ERR200/003/ERR2000863/ERR2000863.fastq.gz;ftp.sra.ebi.ac.uk/vol1/fastq/ERR200/003/ERR2000863/ERR2000863_1.fastq.gz;ftp.sra.ebi.ac.uk/vol1/fastq/ERR200/003/ERR2000863/ERR2000863_2.fastq.gz	1311721194;600394828;644880114	51583462
ERR2000866	ftp.sra.ebi.ac.uk/vol1/fastq/ERR200/006/ERR2000866/ERR2000866.fastq.gz;ftp.sra.ebi.ac.uk/vol1/fastq/ERR200/006/ERR2000866/ERR2000866_1.fastq.gz;ftp.sra.ebi.ac.uk/vol1/fastq/ERR200/006/ERR2000866/ERR2000866_2.fastq.gz	1471439267;596166524;637626538	56729207
ERR2000868	ftp.sra.ebi.ac.uk/vol1/fastq/ERR200/008/ERR2000868/ERR2000868.fastq.gz;ftp.sra.ebi.ac.uk/vol1/fastq/ERR200/008/ERR2000868/ERR2000868_1.fastq.gz;ftp.sra.ebi.ac.uk/vol1/fastq/ERR200/008/ERR2000868/ERR2000868_2.fastq.gz	1455366575;276888792;268117967	45864541
ERR2000870	ftp.sra.ebi.ac.uk/vol1/fastq/ERR200/000/ERR2000870/ERR2000870.fastq.gz;ftp.sra.ebi.ac.uk/vol1/fastq/ERR200/000/ERR2000870/ERR2000870_1.fastq.gz;ftp.sra.ebi.ac.uk/vol1/fastq/ERR200/000/ERR2000870/ERR2000870_2.fastq.gz	1562096397;284490472;275315505	47408287
ERR2000872	ftp.sra.ebi.ac.uk/vol1/fastq/ERR200/002/ERR2000872/ERR2000872.fastq.gz;ftp.sra.ebi.ac.uk/vol1/fastq/ERR200/002/ERR2000872/ERR2000872_1.fastq.gz;ftp.sra.ebi.ac.uk/vol1/fastq/ERR200/002/ERR2000872/ERR2000872_2.fastq.gz	1496237193;290869605;284666734	47430796
ERR2000877	ftp.sra.ebi.ac.uk/vol1/fastq/ERR200/007/ERR2000877/ERR2000877.fastq.gz;ftp.sra.ebi.ac.uk/vol1/fastq/ERR200/007/ERR2000877/ERR2000877_1.fastq.gz;ftp.sra.ebi.ac.uk/vol1/fastq/ERR200/007/ERR2000877/ERR2000877_2.fastq.gz	1151241487;198524225;202910334	37652282
ERR2000593	ftp.sra.ebi.ac.uk/vol1/fastq/ERR200/003/ERR2000593/ERR2000593.fastq.gz;ftp.sra.ebi.ac.uk/vol1/fastq/ERR200/003/ERR2000593/ERR2000593_1.fastq.gz;ftp.sra.ebi.ac.uk/vol1/fastq/ERR200/003/ERR2000593/ERR2000593_2.fastq.gz	5458126556;652050407;674895595	192437726
ERR2000594	ftp.sra.ebi.ac.uk/vol1/fastq/ERR200/004/ERR2000594/ERR2000594.fastq.gz;ftp.sra.ebi.ac.uk/vol1/fastq/ERR200/004/ERR2000594/ERR2000594_1.fastq.gz;ftp.sra.ebi.ac.uk/vol1/fastq/ERR200/004/ERR2000594/ERR2000594_2.fastq.gz	5463969001;661726362;680013991	192879034
ERR2000596	ftp.sra.ebi.ac.uk/vol1/fastq/ERR200/006/ERR2000596/ERR2000596.fastq.gz;ftp.sra.ebi.ac.uk/vol1/fastq/ERR200/006/ERR2000596/ERR2000596_1.fastq.gz;ftp.sra.ebi.ac.uk/vol1/fastq/ERR200/006/ERR2000596/ERR2000596_2.fastq.gz	6181606785;764497185;773373271	213539734
ERR2000601	ftp.sra.ebi.ac.uk/vol1/fastq/ERR200/001/ERR2000601/ERR2000601.fastq.gz;ftp.sra.ebi.ac.uk/vol1/fastq/ERR200/001/ERR2000601/ERR2000601_1.fastq.gz;ftp.sra.ebi.ac.uk/vol1/fastq/ERR200/001/ERR2000601/ERR2000601_2.fastq.gz	1764471669;225508831;225404684	60423264
ERR2000602	ftp.sra.ebi.ac.uk/vol1/fastq/ERR200/002/ERR2000602/ERR2000602.fastq.gz;ftp.sra.ebi.ac.uk/vol1/fastq/ERR200/002/ERR2000602/ERR2000602_1.fastq.gz;ftp.sra.ebi.ac.uk/vol1/fastq/ERR200/002/ERR2000602/ERR2000602_2.fastq.gz	1735569709;234286990;229606630	57808601
ERR2000603	ftp.sra.ebi.ac.uk/vol1/fastq/ERR200/003/ERR2000603/ERR2000603.fastq.gz;ftp.sra.ebi.ac.uk/vol1/fastq/ERR200/003/ERR2000603/ERR2000603_1.fastq.gz;ftp.sra.ebi.ac.uk/vol1/fastq/ERR200/003/ERR2000603/ERR2000603_2.fastq.gz	1735640981;248591110;249695684	59049199
ERR2000605	ftp.sra.ebi.ac.uk/vol1/fastq/ERR200/005/ERR2000605/ERR2000605.fastq.gz;ftp.sra.ebi.ac.uk/vol1/fastq/ERR200/005/ERR2000605/ERR2000605_1.fastq.gz;ftp.sra.ebi.ac.uk/vol1/fastq/ERR200/005/ERR2000605/ERR2000605_2.fastq.gz	1753995420;226017948;224355148	59946321
ERR2000608	ftp.sra.ebi.ac.uk/vol1/fastq/ERR200/008/ERR2000608/ERR2000608.fastq.gz;ftp.sra.ebi.ac.uk/vol1/fastq/ERR200/008/ERR2000608/ERR2000608_1.fastq.gz;ftp.sra.ebi.ac.uk/vol1/fastq/ERR200/008/ERR2000608/ERR2000608_2.fastq.gz	1532515656;200553761;199049056	52484289
ERR2000611	ftp.sra.ebi.ac.uk/vol1/fastq/ERR200/001/ERR2000611/ERR2000611.fastq.gz;ftp.sra.ebi.ac.uk/vol1/fastq/ERR200/001/ERR2000611/ERR2000611_1.fastq.gz;ftp.sra.ebi.ac.uk/vol1/fastq/ERR200/001/ERR2000611/ERR2000611_2.fastq.gz	1490444464;221685400;220592821	50701485
ERR2000619	ftp.sra.ebi.ac.uk/vol1/fastq/ERR200/009/ERR2000619/ERR2000619.fastq.gz;ftp.sra.ebi.ac.uk/vol1/fastq/ERR200/009/ERR2000619/ERR2000619_1.fastq.gz;ftp.sra.ebi.ac.uk/vol1/fastq/ERR200/009/ERR2000619/ERR2000619_2.fastq.gz	1733981153;260798477;259285236	58678238
ERR2000620	ftp.sra.ebi.ac.uk/vol1/fastq/ERR200/000/ERR2000620/ERR2000620.fastq.gz;ftp.sra.ebi.ac.uk/vol1/fastq/ERR200/000/ERR2000620/ERR2000620_1.fastq.gz;ftp.sra.ebi.ac.uk/vol1/fastq/ERR200/000/ERR2000620/ERR2000620_2.fastq.gz	1798125348;236180551;234396197	61434780
ERR2000624	ftp.sra.ebi.ac.uk/vol1/fastq/ERR200/004/ERR2000624/ERR2000624.fastq.gz;ftp.sra.ebi.ac.uk/vol1/fastq/ERR200/004/ERR2000624/ERR2000624_1.fastq.gz;ftp.sra.ebi.ac.uk/vol1/fastq/ERR200/004/ERR2000624/ERR2000624_2.fastq.gz	1814154288;231858091;232563253	61969384
ERR2000628	ftp.sra.ebi.ac.uk/vol1/fastq/ERR200/008/ERR2000628/ERR2000628.fastq.gz;ftp.sra.ebi.ac.uk/vol1/fastq/ERR200/008/ERR2000628/ERR2000628_1.fastq.gz;ftp.sra.ebi.ac.uk/vol1/fastq/ERR200/008/ERR2000628/ERR2000628_2.fastq.gz	1753397171;218654260;221406755	60190835
ERR2000629	ftp.sra.ebi.ac.uk/vol1/fastq/ERR200/009/ERR2000629/ERR2000629.fastq.gz;ftp.sra.ebi.ac.uk/vol1/fastq/ERR200/009/ERR2000629/ERR2000629_1.fastq.gz;ftp.sra.ebi.ac.uk/vol1/fastq/ERR200/009/ERR2000629/ERR2000629_2.fastq.gz	1688071632;210516645;211821576	57916958
ERR2000630	ftp.sra.ebi.ac.uk/vol1/fastq/ERR200/000/ERR2000630/ERR2000630.fastq.gz;ftp.sra.ebi.ac.uk/vol1/fastq/ERR200/000/ERR2000630/ERR2000630_1.fastq.gz;ftp.sra.ebi.ac.uk/vol1/fastq/ERR200/000/ERR2000630/ERR2000630_2.fastq.gz	1692637811;220684009;218472860	56636380
ERR2000635	ftp.sra.ebi.ac.uk/vol1/fastq/ERR200/005/ERR2000635/ERR2000635.fastq.gz;ftp.sra.ebi.ac.uk/vol1/fastq/ERR200/005/ERR2000635/ERR2000635_1.fastq.gz;ftp.sra.ebi.ac.uk/vol1/fastq/ERR200/005/ERR2000635/ERR2000635_2.fastq.gz	864380896;126007791;123909897	29300392
ERR2000638	ftp.sra.ebi.ac.uk/vol1/fastq/ERR200/008/ERR2000638/ERR2000638.fastq.gz;ftp.sra.ebi.ac.uk/vol1/fastq/ERR200/008/ERR2000638/ERR2000638_1.fastq.gz;ftp.sra.ebi.ac.uk/vol1/fastq/ERR200/008/ERR2000638/ERR2000638_2.fastq.gz	844996038;118334690;111466011	27968042
ERR2000640	ftp.sra.ebi.ac.uk/vol1/fastq/ERR200/000/ERR2000640/ERR2000640.fastq.gz;ftp.sra.ebi.ac.uk/vol1/fastq/ERR200/000/ERR2000640/ERR2000640_1.fastq.gz;ftp.sra.ebi.ac.uk/vol1/fastq/ERR200/000/ERR2000640/ERR2000640_2.fastq.gz	865438671;120035791;114064931	29345647
ERR2000643	ftp.sra.ebi.ac.uk/vol1/fastq/ERR200/003/ERR2000643/ERR2000643.fastq.gz;ftp.sra.ebi.ac.uk/vol1/fastq/ERR200/003/ERR2000643/ERR2000643_1.fastq.gz;ftp.sra.ebi.ac.uk/vol1/fastq/ERR200/003/ERR2000643/ERR2000643_2.fastq.gz	845547937;130789809;125850137	28358066
ERR2000647	ftp.sra.ebi.ac.uk/vol1/fastq/ERR200/007/ERR2000647/ERR2000647.fastq.gz;ftp.sra.ebi.ac.uk/vol1/fastq/ERR200/007/ERR2000647/ERR2000647_1.fastq.gz;ftp.sra.ebi.ac.uk/vol1/fastq/ERR200/007/ERR2000647/ERR2000647_2.fastq.gz	847366389;133119345;127327375	28336502
ERR2000652	ftp.sra.ebi.ac.uk/vol1/fastq/ERR200/002/ERR2000652/ERR2000652.fastq.gz;ftp.sra.ebi.ac.uk/vol1/fastq/ERR200/002/ERR2000652/ERR2000652_1.fastq.gz;ftp.sra.ebi.ac.uk/vol1/fastq/ERR200/002/ERR2000652/ERR2000652_2.fastq.gz	899168304;122350169;118266496	30728952
ERR2000655	ftp.sra.ebi.ac.uk/vol1/fastq/ERR200/005/ERR2000655/ERR2000655.fastq.gz;ftp.sra.ebi.ac.uk/vol1/fastq/ERR200/005/ERR2000655/ERR2000655_1.fastq.gz;ftp.sra.ebi.ac.uk/vol1/fastq/ERR200/005/ERR2000655/ERR2000655_2.fastq.gz	865453588;133106720;129746444	29299287
ERR2000656	ftp.sra.ebi.ac.uk/vol1/fastq/ERR200/006/ERR2000656/ERR2000656.fastq.gz;ftp.sra.ebi.ac.uk/vol1/fastq/ERR200/006/ERR2000656/ERR2000656_1.fastq.gz;ftp.sra.ebi.ac.uk/vol1/fastq/ERR200/006/ERR2000656/ERR2000656_2.fastq.gz	905329832;120345089;117190143	30822787
ERR2000657	ftp.sra.ebi.ac.uk/vol1/fastq/ERR200/007/ERR2000657/ERR2000657.fastq.gz;ftp.sra.ebi.ac.uk/vol1/fastq/ERR200/007/ERR2000657/ERR2000657_1.fastq.gz;ftp.sra.ebi.ac.uk/vol1/fastq/ERR200/007/ERR2000657/ERR2000657_2.fastq.gz	884810375;118879241;113537056	30091253
ERR2000658	ftp.sra.ebi.ac.uk/vol1/fastq/ERR200/008/ERR2000658/ERR2000658.fastq.gz;ftp.sra.ebi.ac.uk/vol1/fastq/ERR200/008/ERR2000658/ERR2000658_1.fastq.gz;ftp.sra.ebi.ac.uk/vol1/fastq/ERR200/008/ERR2000658/ERR2000658_2.fastq.gz	868530725;120355015;114828935	28832802
ERR2000666	ftp.sra.ebi.ac.uk/vol1/fastq/ERR200/006/ERR2000666/ERR2000666.fastq.gz;ftp.sra.ebi.ac.uk/vol1/fastq/ERR200/006/ERR2000666/ERR2000666_1.fastq.gz;ftp.sra.ebi.ac.uk/vol1/fastq/ERR200/006/ERR2000666/ERR2000666_2.fastq.gz	7418311480;3103005933;3233286047	197860569
ERR2000670	ftp.sra.ebi.ac.uk/vol1/fastq/ERR200/000/ERR2000670/ERR2000670.fastq.gz;ftp.sra.ebi.ac.uk/vol1/fastq/ERR200/000/ERR2000670/ERR2000670_1.fastq.gz;ftp.sra.ebi.ac.uk/vol1/fastq/ERR200/000/ERR2000670/ERR2000670_2.fastq.gz	3825736284;647089693;664427324	127191574
ERR2000675	ftp.sra.ebi.ac.uk/vol1/fastq/ERR200/005/ERR2000675/ERR2000675.fastq.gz;ftp.sra.ebi.ac.uk/vol1/fastq/ERR200/005/ERR2000675/ERR2000675_1.fastq.gz;ftp.sra.ebi.ac.uk/vol1/fastq/ERR200/005/ERR2000675/ERR2000675_2.fastq.gz	4906294781;830618099;879793743	164617904
ERR2000676	ftp.sra.ebi.ac.uk/vol1/fastq/ERR200/006/ERR2000676/ERR2000676.fastq.gz;ftp.sra.ebi.ac.uk/vol1/fastq/ERR200/006/ERR2000676/ERR2000676_1.fastq.gz;ftp.sra.ebi.ac.uk/vol1/fastq/ERR200/006/ERR2000676/ERR2000676_2.fastq.gz	5032094379;825270446;876089071	166785563
ERR2000678	ftp.sra.ebi.ac.uk/vol1/fastq/ERR200/008/ERR2000678/ERR2000678.fastq.gz;ftp.sra.ebi.ac.uk/vol1/fastq/ERR200/008/ERR2000678/ERR2000678_1.fastq.gz;ftp.sra.ebi.ac.uk/vol1/fastq/ERR200/008/ERR2000678/ERR2000678_2.fastq.gz	5010843069;816359743;857858403	163692188
ERR2000681	ftp.sra.ebi.ac.uk/vol1/fastq/ERR200/001/ERR2000681/ERR2000681.fastq.gz;ftp.sra.ebi.ac.uk/vol1/fastq/ERR200/001/ERR2000681/ERR2000681_1.fastq.gz;ftp.sra.ebi.ac.uk/vol1/fastq/ERR200/001/ERR2000681/ERR2000681_2.fastq.gz	4946329911;803745106;852268504	163512301
ERR2000686	ftp.sra.ebi.ac.uk/vol1/fastq/ERR200/006/ERR2000686/ERR2000686.fastq.gz;ftp.sra.ebi.ac.uk/vol1/fastq/ERR200/006/ERR2000686/ERR2000686_1.fastq.gz;ftp.sra.ebi.ac.uk/vol1/fastq/ERR200/006/ERR2000686/ERR2000686_2.fastq.gz	5562033493;926594936;950541741	153812664
ERR2000691	ftp.sra.ebi.ac.uk/vol1/fastq/ERR200/001/ERR2000691/ERR2000691.fastq.gz;ftp.sra.ebi.ac.uk/vol1/fastq/ERR200/001/ERR2000691/ERR2000691_1.fastq.gz;ftp.sra.ebi.ac.uk/vol1/fastq/ERR200/001/ERR2000691/ERR2000691_2.fastq.gz	5677861622;1040916630;1094940430	186591037
ERR2000694	ftp.sra.ebi.ac.uk/vol1/fastq/ERR200/004/ERR2000694/ERR2000694.fastq.gz;ftp.sra.ebi.ac.uk/vol1/fastq/ERR200/004/ERR2000694/ERR2000694_1.fastq.gz;ftp.sra.ebi.ac.uk/vol1/fastq/ERR200/004/ERR2000694/ERR2000694_2.fastq.gz	5847494988;1052200740;1101542490	188461000
ERR2000695	ftp.sra.ebi.ac.uk/vol1/fastq/ERR200/005/ERR2000695/ERR2000695.fastq.gz;ftp.sra.ebi.ac.uk/vol1/fastq/ERR200/005/ERR2000695/ERR2000695_1.fastq.gz;ftp.sra.ebi.ac.uk/vol1/fastq/ERR200/005/ERR2000695/ERR2000695_2.fastq.gz	5815353855;1051400419;1103229207	189099354
ERR2000698	ftp.sra.ebi.ac.uk/vol1/fastq/ERR200/008/ERR2000698/ERR2000698.fastq.gz;ftp.sra.ebi.ac.uk/vol1/fastq/ERR200/008/ERR2000698/ERR2000698_1.fastq.gz;ftp.sra.ebi.ac.uk/vol1/fastq/ERR200/008/ERR2000698/ERR2000698_2.fastq.gz	5753058829;1033440004;1082033231	185948576
ERR2000702	ftp.sra.ebi.ac.uk/vol1/fastq/ERR200/002/ERR2000702/ERR2000702.fastq.gz;ftp.sra.ebi.ac.uk/vol1/fastq/ERR200/002/ERR2000702/ERR2000702_1.fastq.gz;ftp.sra.ebi.ac.uk/vol1/fastq/ERR200/002/ERR2000702/ERR2000702_2.fastq.gz	7254256595;1305330592;1330622855	194024897
ERR2000704	ftp.sra.ebi.ac.uk/vol1/fastq/ERR200/004/ERR2000704/ERR2000704.fastq.gz;ftp.sra.ebi.ac.uk/vol1/fastq/ERR200/004/ERR2000704/ERR2000704_1.fastq.gz;ftp.sra.ebi.ac.uk/vol1/fastq/ERR200/004/ERR2000704/ERR2000704_2.fastq.gz	7079131745;1250959807;1280074802	191682628
ERR2000706	ftp.sra.ebi.ac.uk/vol1/fastq/ERR200/006/ERR2000706/ERR2000706.fastq.gz;ftp.sra.ebi.ac.uk/vol1/fastq/ERR200/006/ERR2000706/ERR2000706_1.fastq.gz;ftp.sra.ebi.ac.uk/vol1/fastq/ERR200/006/ERR2000706/ERR2000706_2.fastq.gz	7032479121;1258736877;1298171478	189639981
ERR2000707	ftp.sra.ebi.ac.uk/vol1/fastq/ERR200/007/ERR2000707/ERR2000707.fastq.gz;ftp.sra.ebi.ac.uk/vol1/fastq/ERR200/007/ERR2000707/ERR2000707_1.fastq.gz;ftp.sra.ebi.ac.uk/vol1/fastq/ERR200/007/ERR2000707/ERR2000707_2.fastq.gz	5399788871;919802668;976345724	178827652
ERR2000710	ftp.sra.ebi.ac.uk/vol1/fastq/ERR200/000/ERR2000710/ERR2000710.fastq.gz;ftp.sra.ebi.ac.uk/vol1/fastq/ERR200/000/ERR2000710/ERR2000710_1.fastq.gz;ftp.sra.ebi.ac.uk/vol1/fastq/ERR200/000/ERR2000710/ERR2000710_2.fastq.gz	5561877750;921560712;975878110	178935064
ERR2000714	ftp.sra.ebi.ac.uk/vol1/fastq/ERR200/004/ERR2000714/ERR2000714.fastq.gz;ftp.sra.ebi.ac.uk/vol1/fastq/ERR200/004/ERR2000714/ERR2000714_1.fastq.gz;ftp.sra.ebi.ac.uk/vol1/fastq/ERR200/004/ERR2000714/ERR2000714_2.fastq.gz	5953591648;999416302;1060260194	196405268
ERR2000718	ftp.sra.ebi.ac.uk/vol1/fastq/ERR200/008/ERR2000718/ERR2000718.fastq.gz;ftp.sra.ebi.ac.uk/vol1/fastq/ERR200/008/ERR2000718/ERR2000718_1.fastq.gz;ftp.sra.ebi.ac.uk/vol1/fastq/ERR200/008/ERR2000718/ERR2000718_2.fastq.gz	8921910663;1164356422;1186319088	218565719
ERR2000721	ftp.sra.ebi.ac.uk/vol1/fastq/ERR200/001/ERR2000721/ERR2000721.fastq.gz;ftp.sra.ebi.ac.uk/vol1/fastq/ERR200/001/ERR2000721/ERR2000721_1.fastq.gz;ftp.sra.ebi.ac.uk/vol1/fastq/ERR200/001/ERR2000721/ERR2000721_2.fastq.gz	8780922942;1140394175;1161601116	217499460
ERR2000723	ftp.sra.ebi.ac.uk/vol1/fastq/ERR200/003/ERR2000723/ERR2000723.fastq.gz;ftp.sra.ebi.ac.uk/vol1/fastq/ERR200/003/ERR2000723/ERR2000723_1.fastq.gz;ftp.sra.ebi.ac.uk/vol1/fastq/ERR200/003/ERR2000723/ERR2000723_2.fastq.gz	5718519122;1066355035;1127739087	178869166
ERR2000725	ftp.sra.ebi.ac.uk/vol1/fastq/ERR200/005/ERR2000725/ERR2000725.fastq.gz;ftp.sra.ebi.ac.uk/vol1/fastq/ERR200/005/ERR2000725/ERR2000725_1.fastq.gz;ftp.sra.ebi.ac.uk/vol1/fastq/ERR200/005/ERR2000725/ERR2000725_2.fastq.gz	5698948988;1071114916;1130047484	178735793
ERR2000726	ftp.sra.ebi.ac.uk/vol1/fastq/ERR200/006/ERR2000726/ERR2000726.fastq.gz;ftp.sra.ebi.ac.uk/vol1/fastq/ERR200/006/ERR2000726/ERR2000726_1.fastq.gz;ftp.sra.ebi.ac.uk/vol1/fastq/ERR200/006/ERR2000726/ERR2000726_2.fastq.gz	5889965352;1077974870;1135176084	180849076
ERR2000732	ftp.sra.ebi.ac.uk/vol1/fastq/ERR200/002/ERR2000732/ERR2000732.fastq.gz;ftp.sra.ebi.ac.uk/vol1/fastq/ERR200/002/ERR2000732/ERR2000732_1.fastq.gz;ftp.sra.ebi.ac.uk/vol1/fastq/ERR200/002/ERR2000732/ERR2000732_2.fastq.gz	4265083833;862565600;875862778	112547336
ERR2000736	ftp.sra.ebi.ac.uk/vol1/fastq/ERR200/006/ERR2000736/ERR2000736.fastq.gz;ftp.sra.ebi.ac.uk/vol1/fastq/ERR200/006/ERR2000736/ERR2000736_1.fastq.gz;ftp.sra.ebi.ac.uk/vol1/fastq/ERR200/006/ERR2000736/ERR2000736_2.fastq.gz	3249320952;676826861;685068916	86245228
ERR2000738	ftp.sra.ebi.ac.uk/vol1/fastq/ERR200/008/ERR2000738/ERR2000738.fastq.gz;ftp.sra.ebi.ac.uk/vol1/fastq/ERR200/008/ERR2000738/ERR2000738_1.fastq.gz;ftp.sra.ebi.ac.uk/vol1/fastq/ERR200/008/ERR2000738/ERR2000738_2.fastq.gz	3398969514;687408867;693794377	91064897
ERR2000739	ftp.sra.ebi.ac.uk/vol1/fastq/ERR200/009/ERR2000739/ERR2000739.fastq.gz;ftp.sra.ebi.ac.uk/vol1/fastq/ERR200/009/ERR2000739/ERR2000739_1.fastq.gz;ftp.sra.ebi.ac.uk/vol1/fastq/ERR200/009/ERR2000739/ERR2000739_2.fastq.gz	5929615979;1044198827;1096893932	195109513
ERR2000740	ftp.sra.ebi.ac.uk/vol1/fastq/ERR200/000/ERR2000740/ERR2000740.fastq.gz;ftp.sra.ebi.ac.uk/vol1/fastq/ERR200/000/ERR2000740/ERR2000740_1.fastq.gz;ftp.sra.ebi.ac.uk/vol1/fastq/ERR200/000/ERR2000740/ERR2000740_2.fastq.gz	5862302183;1042276017;1082116286	191585711
ERR2000743	ftp.sra.ebi.ac.uk/vol1/fastq/ERR200/003/ERR2000743/ERR2000743.fastq.gz;ftp.sra.ebi.ac.uk/vol1/fastq/ERR200/003/ERR2000743/ERR2000743_1.fastq.gz;ftp.sra.ebi.ac.uk/vol1/fastq/ERR200/003/ERR2000743/ERR2000743_2.fastq.gz	5781395462;1014525842;1053309727	190694281
ERR2000747	ftp.sra.ebi.ac.uk/vol1/fastq/ERR200/007/ERR2000747/ERR2000747.fastq.gz;ftp.sra.ebi.ac.uk/vol1/fastq/ERR200/007/ERR2000747/ERR2000747_1.fastq.gz;ftp.sra.ebi.ac.uk/vol1/fastq/ERR200/007/ERR2000747/ERR2000747_2.fastq.gz	6510637151;1280805264;1314061154	219636348
ERR2000748	ftp.sra.ebi.ac.uk/vol1/fastq/ERR200/008/ERR2000748/ERR2000748.fastq.gz;ftp.sra.ebi.ac.uk/vol1/fastq/ERR200/008/ERR2000748/ERR2000748_1.fastq.gz;ftp.sra.ebi.ac.uk/vol1/fastq/ERR200/008/ERR2000748/ERR2000748_2.fastq.gz	6545360264;1257363559;1291365465	219746371
ERR2000749	ftp.sra.ebi.ac.uk/vol1/fastq/ERR200/009/ERR2000749/ERR2000749.fastq.gz;ftp.sra.ebi.ac.uk/vol1/fastq/ERR200/009/ERR2000749/ERR2000749_1.fastq.gz;ftp.sra.ebi.ac.uk/vol1/fastq/ERR200/009/ERR2000749/ERR2000749_2.fastq.gz	6448440538;1473672320;1245694748	217567291
ERR2000751	ftp.sra.ebi.ac.uk/vol1/fastq/ERR200/001/ERR2000751/ERR2000751.fastq.gz;ftp.sra.ebi.ac.uk/vol1/fastq/ERR200/001/ERR2000751/ERR2000751_1.fastq.gz;ftp.sra.ebi.ac.uk/vol1/fastq/ERR200/001/ERR2000751/ERR2000751_2.fastq.gz	7107454178;1278895316;1323467211	231686493
ERR2000754	ftp.sra.ebi.ac.uk/vol1/fastq/ERR200/004/ERR2000754/ERR2000754.fastq.gz;ftp.sra.ebi.ac.uk/vol1/fastq/ERR200/004/ERR2000754/ERR2000754_1.fastq.gz;ftp.sra.ebi.ac.uk/vol1/fastq/ERR200/004/ERR2000754/ERR2000754_2.fastq.gz	7083903383;1280839375;1328284222	229605148
ERR2000757	ftp.sra.ebi.ac.uk/vol1/fastq/ERR200/007/ERR2000757/ERR2000757.fastq.gz;ftp.sra.ebi.ac.uk/vol1/fastq/ERR200/007/ERR2000757/ERR2000757_1.fastq.gz;ftp.sra.ebi.ac.uk/vol1/fastq/ERR200/007/ERR2000757/ERR2000757_2.fastq.gz	6071493261;1059083040;1106274172	202616120
ERR2000760	ftp.sra.ebi.ac.uk/vol1/fastq/ERR200/000/ERR2000760/ERR2000760.fastq.gz;ftp.sra.ebi.ac.uk/vol1/fastq/ERR200/000/ERR2000760/ERR2000760_1.fastq.gz;ftp.sra.ebi.ac.uk/vol1/fastq/ERR200/000/ERR2000760/ERR2000760_2.fastq.gz	6025827827;1052878588;1097009216	201686157
ERR2000767	ftp.sra.ebi.ac.uk/vol1/fastq/ERR200/007/ERR2000767/ERR2000767.fastq.gz;ftp.sra.ebi.ac.uk/vol1/fastq/ERR200/007/ERR2000767/ERR2000767_1.fastq.gz;ftp.sra.ebi.ac.uk/vol1/fastq/ERR200/007/ERR2000767/ERR2000767_2.fastq.gz	5719342287;1055475381;1097674055	185259381
ERR2000768	ftp.sra.ebi.ac.uk/vol1/fastq/ERR200/008/ERR2000768/ERR2000768.fastq.gz;ftp.sra.ebi.ac.uk/vol1/fastq/ERR200/008/ERR2000768/ERR2000768_1.fastq.gz;ftp.sra.ebi.ac.uk/vol1/fastq/ERR200/008/ERR2000768/ERR2000768_2.fastq.gz	5698461074;1033642619;1071481079	183863046
ERR2000774	ftp.sra.ebi.ac.uk/vol1/fastq/ERR200/004/ERR2000774/ERR2000774.fastq.gz;ftp.sra.ebi.ac.uk/vol1/fastq/ERR200/004/ERR2000774/ERR2000774_1.fastq.gz;ftp.sra.ebi.ac.uk/vol1/fastq/ERR200/004/ERR2000774/ERR2000774_2.fastq.gz	7758265938;1451388290;1502685787	234583847
ERR2000781	ftp.sra.ebi.ac.uk/vol1/fastq/ERR200/001/ERR2000781/ERR2000781.fastq.gz;ftp.sra.ebi.ac.uk/vol1/fastq/ERR200/001/ERR2000781/ERR2000781_1.fastq.gz;ftp.sra.ebi.ac.uk/vol1/fastq/ERR200/001/ERR2000781/ERR2000781_2.fastq.gz	6821957178;1328319567;1338622736	220278779
ERR2000783	ftp.sra.ebi.ac.uk/vol1/fastq/ERR200/003/ERR2000783/ERR2000783.fastq.gz;ftp.sra.ebi.ac.uk/vol1/fastq/ERR200/003/ERR2000783/ERR2000783_1.fastq.gz;ftp.sra.ebi.ac.uk/vol1/fastq/ERR200/003/ERR2000783/ERR2000783_2.fastq.gz	6821963626;1318677171;1331563166	221896109
ERR2000784	ftp.sra.ebi.ac.uk/vol1/fastq/ERR200/004/ERR2000784/ERR2000784.fastq.gz;ftp.sra.ebi.ac.uk/vol1/fastq/ERR200/004/ERR2000784/ERR2000784_1.fastq.gz;ftp.sra.ebi.ac.uk/vol1/fastq/ERR200/004/ERR2000784/ERR2000784_2.fastq.gz	6789503900;1297820080;1321496360	221230938
ERR2000788	ftp.sra.ebi.ac.uk/vol1/fastq/ERR200/008/ERR2000788/ERR2000788.fastq.gz;ftp.sra.ebi.ac.uk/vol1/fastq/ERR200/008/ERR2000788/ERR2000788_1.fastq.gz;ftp.sra.ebi.ac.uk/vol1/fastq/ERR200/008/ERR2000788/ERR2000788_2.fastq.gz	4586074294;753137499;782036774	127517417
ERR2000789	ftp.sra.ebi.ac.uk/vol1/fastq/ERR200/009/ERR2000789/ERR2000789.fastq.gz;ftp.sra.ebi.ac.uk/vol1/fastq/ERR200/009/ERR2000789/ERR2000789_1.fastq.gz;ftp.sra.ebi.ac.uk/vol1/fastq/ERR200/009/ERR2000789/ERR2000789_2.fastq.gz	4709137714;771090627;776542175	129801179
ERR2000795	ftp.sra.ebi.ac.uk/vol1/fastq/ERR200/005/ERR2000795/ERR2000795.fastq.gz;ftp.sra.ebi.ac.uk/vol1/fastq/ERR200/005/ERR2000795/ERR2000795_1.fastq.gz;ftp.sra.ebi.ac.uk/vol1/fastq/ERR200/005/ERR2000795/ERR2000795_2.fastq.gz	3925559642;681826055;704365683	133041918
ERR2000796	ftp.sra.ebi.ac.uk/vol1/fastq/ERR200/006/ERR2000796/ERR2000796.fastq.gz;ftp.sra.ebi.ac.uk/vol1/fastq/ERR200/006/ERR2000796/ERR2000796_1.fastq.gz;ftp.sra.ebi.ac.uk/vol1/fastq/ERR200/006/ERR2000796/ERR2000796_2.fastq.gz	4089302518;742276828;774985383	138520377
ERR2000799	ftp.sra.ebi.ac.uk/vol1/fastq/ERR200/009/ERR2000799/ERR2000799.fastq.gz;ftp.sra.ebi.ac.uk/vol1/fastq/ERR200/009/ERR2000799/ERR2000799_1.fastq.gz;ftp.sra.ebi.ac.uk/vol1/fastq/ERR200/009/ERR2000799/ERR2000799_2.fastq.gz	3776224534;657432597;658127294	130609749
ERR2000802	ftp.sra.ebi.ac.uk/vol1/fastq/ERR200/002/ERR2000802/ERR2000802.fastq.gz;ftp.sra.ebi.ac.uk/vol1/fastq/ERR200/002/ERR2000802/ERR2000802_1.fastq.gz;ftp.sra.ebi.ac.uk/vol1/fastq/ERR200/002/ERR2000802/ERR2000802_2.fastq.gz	2347771863;439012474;428056275	64186561
ERR2000805	ftp.sra.ebi.ac.uk/vol1/fastq/ERR200/005/ERR2000805/ERR2000805.fastq.gz;ftp.sra.ebi.ac.uk/vol1/fastq/ERR200/005/ERR2000805/ERR2000805_1.fastq.gz;ftp.sra.ebi.ac.uk/vol1/fastq/ERR200/005/ERR2000805/ERR2000805_2.fastq.gz	1591182929;333822779;322979984	53958192
ERR2000811	ftp.sra.ebi.ac.uk/vol1/fastq/ERR200/001/ERR2000811/ERR2000811.fastq.gz;ftp.sra.ebi.ac.uk/vol1/fastq/ERR200/001/ERR2000811/ERR2000811_1.fastq.gz;ftp.sra.ebi.ac.uk/vol1/fastq/ERR200/001/ERR2000811/ERR2000811_2.fastq.gz	1637540756;310411939;307468994	53023541
ERR2000812	ftp.sra.ebi.ac.uk/vol1/fastq/ERR200/002/ERR2000812/ERR2000812.fastq.gz;ftp.sra.ebi.ac.uk/vol1/fastq/ERR200/002/ERR2000812/ERR2000812_1.fastq.gz;ftp.sra.ebi.ac.uk/vol1/fastq/ERR200/002/ERR2000812/ERR2000812_2.fastq.gz	1963025593;365965315;361147953	62635510
ERR2000814	ftp.sra.ebi.ac.uk/vol1/fastq/ERR200/004/ERR2000814/ERR2000814.fastq.gz;ftp.sra.ebi.ac.uk/vol1/fastq/ERR200/004/ERR2000814/ERR2000814_1.fastq.gz;ftp.sra.ebi.ac.uk/vol1/fastq/ERR200/004/ERR2000814/ERR2000814_2.fastq.gz	2334072174;422131922;420410381	63169938
ERR2000817	ftp.sra.ebi.ac.uk/vol1/fastq/ERR200/007/ERR2000817/ERR2000817.fastq.gz;ftp.sra.ebi.ac.uk/vol1/fastq/ERR200/007/ERR2000817/ERR2000817_1.fastq.gz;ftp.sra.ebi.ac.uk/vol1/fastq/ERR200/007/ERR2000817/ERR2000817_2.fastq.gz	1608871042;321341694;315941260	54783922
ERR2000818	ftp.sra.ebi.ac.uk/vol1/fastq/ERR200/008/ERR2000818/ERR2000818.fastq.gz;ftp.sra.ebi.ac.uk/vol1/fastq/ERR200/008/ERR2000818/ERR2000818_1.fastq.gz;ftp.sra.ebi.ac.uk/vol1/fastq/ERR200/008/ERR2000818/ERR2000818_2.fastq.gz	2385715821;434919845;433845119	65280419
ERR2000828	ftp.sra.ebi.ac.uk/vol1/fastq/ERR200/008/ERR2000828/ERR2000828.fastq.gz;ftp.sra.ebi.ac.uk/vol1/fastq/ERR200/008/ERR2000828/ERR2000828_1.fastq.gz;ftp.sra.ebi.ac.uk/vol1/fastq/ERR200/008/ERR2000828/ERR2000828_2.fastq.gz	2148170594;386866846;376921506	64631834
ERR2000831	ftp.sra.ebi.ac.uk/vol1/fastq/ERR200/001/ERR2000831/ERR2000831.fastq.gz;ftp.sra.ebi.ac.uk/vol1/fastq/ERR200/001/ERR2000831/ERR2000831_1.fastq.gz;ftp.sra.ebi.ac.uk/vol1/fastq/ERR200/001/ERR2000831/ERR2000831_2.fastq.gz	1688100009;324588986;321048280	55010914
ERR2000841	ftp.sra.ebi.ac.uk/vol1/fastq/ERR200/001/ERR2000841/ERR2000841.fastq.gz;ftp.sra.ebi.ac.uk/vol1/fastq/ERR200/001/ERR2000841/ERR2000841_1.fastq.gz;ftp.sra.ebi.ac.uk/vol1/fastq/ERR200/001/ERR2000841/ERR2000841_2.fastq.gz	1293213335;257956582;241427321	42411951
ERR2000843	ftp.sra.ebi.ac.uk/vol1/fastq/ERR200/003/ERR2000843/ERR2000843.fastq.gz;ftp.sra.ebi.ac.uk/vol1/fastq/ERR200/003/ERR2000843/ERR2000843_1.fastq.gz;ftp.sra.ebi.ac.uk/vol1/fastq/ERR200/003/ERR2000843/ERR2000843_2.fastq.gz	1313626880;275320509;258015553	42912148
ERR2000845	ftp.sra.ebi.ac.uk/vol1/fastq/ERR200/005/ERR2000845/ERR2000845.fastq.gz;ftp.sra.ebi.ac.uk/vol1/fastq/ERR200/005/ERR2000845/ERR2000845_1.fastq.gz;ftp.sra.ebi.ac.uk/vol1/fastq/ERR200/005/ERR2000845/ERR2000845_2.fastq.gz	1277059979;274506009;251971610	42895348
ERR2000855	ftp.sra.ebi.ac.uk/vol1/fastq/ERR200/005/ERR2000855/ERR2000855.fastq.gz;ftp.sra.ebi.ac.uk/vol1/fastq/ERR200/005/ERR2000855/ERR2000855_1.fastq.gz;ftp.sra.ebi.ac.uk/vol1/fastq/ERR200/005/ERR2000855/ERR2000855_2.fastq.gz	1426148713;226892441;237229827	41946863
ERR2000864	ftp.sra.ebi.ac.uk/vol1/fastq/ERR200/004/ERR2000864/ERR2000864.fastq.gz;ftp.sra.ebi.ac.uk/vol1/fastq/ERR200/004/ERR2000864/ERR2000864_1.fastq.gz;ftp.sra.ebi.ac.uk/vol1/fastq/ERR200/004/ERR2000864/ERR2000864_2.fastq.gz	1380585983;585040799;627844063	54808900
ERR2000865	ftp.sra.ebi.ac.uk/vol1/fastq/ERR200/005/ERR2000865/ERR2000865.fastq.gz;ftp.sra.ebi.ac.uk/vol1/fastq/ERR200/005/ERR2000865/ERR2000865_1.fastq.gz;ftp.sra.ebi.ac.uk/vol1/fastq/ERR200/005/ERR2000865/ERR2000865_2.fastq.gz	1272963703;571856652;613484841	50944725
ERR2000873	ftp.sra.ebi.ac.uk/vol1/fastq/ERR200/003/ERR2000873/ERR2000873.fastq.gz;ftp.sra.ebi.ac.uk/vol1/fastq/ERR200/003/ERR2000873/ERR2000873_1.fastq.gz;ftp.sra.ebi.ac.uk/vol1/fastq/ERR200/003/ERR2000873/ERR2000873_2.fastq.gz	1389869515;274234416;266714675	43508070
ERR2000875	ftp.sra.ebi.ac.uk/vol1/fastq/ERR200/005/ERR2000875/ERR2000875.fastq.gz;ftp.sra.ebi.ac.uk/vol1/fastq/ERR200/005/ERR2000875/ERR2000875_1.fastq.gz;ftp.sra.ebi.ac.uk/vol1/fastq/ERR200/005/ERR2000875/ERR2000875_2.fastq.gz	1398682532;289863772;282505721	43559483
ERR2000876	ftp.sra.ebi.ac.uk/vol1/fastq/ERR200/006/ERR2000876/ERR2000876.fastq.gz;ftp.sra.ebi.ac.uk/vol1/fastq/ERR200/006/ERR2000876/ERR2000876_1.fastq.gz;ftp.sra.ebi.ac.uk/vol1/fastq/ERR200/006/ERR2000876/ERR2000876_2.fastq.gz	1169213535;202310887;207660763	38350615
ERR2000878	ftp.sra.ebi.ac.uk/vol1/fastq/ERR200/008/ERR2000878/ERR2000878.fastq.gz;ftp.sra.ebi.ac.uk/vol1/fastq/ERR200/008/ERR2000878/ERR2000878_1.fastq.gz;ftp.sra.ebi.ac.uk/vol1/fastq/ERR200/008/ERR2000878/ERR2000878_2.fastq.gz	1451124568;239312550;245254517	46672874
ERR2000595	ftp.sra.ebi.ac.uk/vol1/fastq/ERR200/005/ERR2000595/ERR2000595.fastq.gz;ftp.sra.ebi.ac.uk/vol1/fastq/ERR200/005/ERR2000595/ERR2000595_1.fastq.gz;ftp.sra.ebi.ac.uk/vol1/fastq/ERR200/005/ERR2000595/ERR2000595_2.fastq.gz	6148068022;751904137;762643602	213107512
ERR2000597	ftp.sra.ebi.ac.uk/vol1/fastq/ERR200/007/ERR2000597/ERR2000597.fastq.gz;ftp.sra.ebi.ac.uk/vol1/fastq/ERR200/007/ERR2000597/ERR2000597_1.fastq.gz;ftp.sra.ebi.ac.uk/vol1/fastq/ERR200/007/ERR2000597/ERR2000597_2.fastq.gz	5731743680;723036796;713494736	197147632
ERR2000598	ftp.sra.ebi.ac.uk/vol1/fastq/ERR200/008/ERR2000598/ERR2000598.fastq.gz;ftp.sra.ebi.ac.uk/vol1/fastq/ERR200/008/ERR2000598/ERR2000598_1.fastq.gz;ftp.sra.ebi.ac.uk/vol1/fastq/ERR200/008/ERR2000598/ERR2000598_2.fastq.gz	5747398988;716363857;710267682	197679497
ERR2000604	ftp.sra.ebi.ac.uk/vol1/fastq/ERR200/004/ERR2000604/ERR2000604.fastq.gz;ftp.sra.ebi.ac.uk/vol1/fastq/ERR200/004/ERR2000604/ERR2000604_1.fastq.gz;ftp.sra.ebi.ac.uk/vol1/fastq/ERR200/004/ERR2000604/ERR2000604_2.fastq.gz	1770651396;232254052;231491137	60504084
ERR2000609	ftp.sra.ebi.ac.uk/vol1/fastq/ERR200/009/ERR2000609/ERR2000609.fastq.gz;ftp.sra.ebi.ac.uk/vol1/fastq/ERR200/009/ERR2000609/ERR2000609_1.fastq.gz;ftp.sra.ebi.ac.uk/vol1/fastq/ERR200/009/ERR2000609/ERR2000609_2.fastq.gz	1521934608;196105078;193472397	52029912
ERR2000613	ftp.sra.ebi.ac.uk/vol1/fastq/ERR200/003/ERR2000613/ERR2000613.fastq.gz;ftp.sra.ebi.ac.uk/vol1/fastq/ERR200/003/ERR2000613/ERR2000613_1.fastq.gz;ftp.sra.ebi.ac.uk/vol1/fastq/ERR200/003/ERR2000613/ERR2000613_2.fastq.gz	1530104138;197817964;194215837	52124960
ERR2000614	ftp.sra.ebi.ac.uk/vol1/fastq/ERR200/004/ERR2000614/ERR2000614.fastq.gz;ftp.sra.ebi.ac.uk/vol1/fastq/ERR200/004/ERR2000614/ERR2000614_1.fastq.gz;ftp.sra.ebi.ac.uk/vol1/fastq/ERR200/004/ERR2000614/ERR2000614_2.fastq.gz	1479113021;203914263;197719467	49232696
ERR2000615	ftp.sra.ebi.ac.uk/vol1/fastq/ERR200/005/ERR2000615/ERR2000615.fastq.gz;ftp.sra.ebi.ac.uk/vol1/fastq/ERR200/005/ERR2000615/ERR2000615_1.fastq.gz;ftp.sra.ebi.ac.uk/vol1/fastq/ERR200/005/ERR2000615/ERR2000615_2.fastq.gz	1497560987;224094688;222234102	50753854
ERR2000625	ftp.sra.ebi.ac.uk/vol1/fastq/ERR200/005/ERR2000625/ERR2000625.fastq.gz;ftp.sra.ebi.ac.uk/vol1/fastq/ERR200/005/ERR2000625/ERR2000625_1.fastq.gz;ftp.sra.ebi.ac.uk/vol1/fastq/ERR200/005/ERR2000625/ERR2000625_2.fastq.gz	1768621605;224823309;224173267	60339105
ERR2000626	ftp.sra.ebi.ac.uk/vol1/fastq/ERR200/006/ERR2000626/ERR2000626.fastq.gz;ftp.sra.ebi.ac.uk/vol1/fastq/ERR200/006/ERR2000626/ERR2000626_1.fastq.gz;ftp.sra.ebi.ac.uk/vol1/fastq/ERR200/006/ERR2000626/ERR2000626_2.fastq.gz	1750137491;233934463;230074226	58313264
ERR2000631	ftp.sra.ebi.ac.uk/vol1/fastq/ERR200/001/ERR2000631/ERR2000631.fastq.gz;ftp.sra.ebi.ac.uk/vol1/fastq/ERR200/001/ERR2000631/ERR2000631_1.fastq.gz;ftp.sra.ebi.ac.uk/vol1/fastq/ERR200/001/ERR2000631/ERR2000631_2.fastq.gz	1657784757;234253082;236799609	56525307
ERR2000634	ftp.sra.ebi.ac.uk/vol1/fastq/ERR200/004/ERR2000634/ERR2000634.fastq.gz;ftp.sra.ebi.ac.uk/vol1/fastq/ERR200/004/ERR2000634/ERR2000634_1.fastq.gz;ftp.sra.ebi.ac.uk/vol1/fastq/ERR200/004/ERR2000634/ERR2000634_2.fastq.gz	861220662;117860138;112060366	28698156
ERR2000636	ftp.sra.ebi.ac.uk/vol1/fastq/ERR200/006/ERR2000636/ERR2000636.fastq.gz;ftp.sra.ebi.ac.uk/vol1/fastq/ERR200/006/ERR2000636/ERR2000636_1.fastq.gz;ftp.sra.ebi.ac.uk/vol1/fastq/ERR200/006/ERR2000636/ERR2000636_2.fastq.gz	885041670;118370846;113913905	30038013
ERR2000637	ftp.sra.ebi.ac.uk/vol1/fastq/ERR200/007/ERR2000637/ERR2000637.fastq.gz;ftp.sra.ebi.ac.uk/vol1/fastq/ERR200/007/ERR2000637/ERR2000637_1.fastq.gz;ftp.sra.ebi.ac.uk/vol1/fastq/ERR200/007/ERR2000637/ERR2000637_2.fastq.gz	873514238;118515219;110945571	29558015
ERR2000641	ftp.sra.ebi.ac.uk/vol1/fastq/ERR200/001/ERR2000641/ERR2000641.fastq.gz;ftp.sra.ebi.ac.uk/vol1/fastq/ERR200/001/ERR2000641/ERR2000641_1.fastq.gz;ftp.sra.ebi.ac.uk/vol1/fastq/ERR200/001/ERR2000641/ERR2000641_2.fastq.gz	862411670;119409865;111191565	29109662
ERR2000644	ftp.sra.ebi.ac.uk/vol1/fastq/ERR200/004/ERR2000644/ERR2000644.fastq.gz;ftp.sra.ebi.ac.uk/vol1/fastq/ERR200/004/ERR2000644/ERR2000644_1.fastq.gz;ftp.sra.ebi.ac.uk/vol1/fastq/ERR200/004/ERR2000644/ERR2000644_2.fastq.gz	854059287;121073984;114691021	28859364
ERR2000645	ftp.sra.ebi.ac.uk/vol1/fastq/ERR200/005/ERR2000645/ERR2000645.fastq.gz;ftp.sra.ebi.ac.uk/vol1/fastq/ERR200/005/ERR2000645/ERR2000645_1.fastq.gz;ftp.sra.ebi.ac.uk/vol1/fastq/ERR200/005/ERR2000645/ERR2000645_2.fastq.gz	858749179;120486818;111842503	28904152
ERR2000646	ftp.sra.ebi.ac.uk/vol1/fastq/ERR200/006/ERR2000646/ERR2000646.fastq.gz;ftp.sra.ebi.ac.uk/vol1/fastq/ERR200/006/ERR2000646/ERR2000646_1.fastq.gz;ftp.sra.ebi.ac.uk/vol1/fastq/ERR200/006/ERR2000646/ERR2000646_2.fastq.gz	850209878;125078445;116400778	28004767
ERR2000648	ftp.sra.ebi.ac.uk/vol1/fastq/ERR200/008/ERR2000648/ERR2000648.fastq.gz;ftp.sra.ebi.ac.uk/vol1/fastq/ERR200/008/ERR2000648/ERR2000648_1.fastq.gz;ftp.sra.ebi.ac.uk/vol1/fastq/ERR200/008/ERR2000648/ERR2000648_2.fastq.gz	847070378;121178256;115030955	28557276
ERR2000651	ftp.sra.ebi.ac.uk/vol1/fastq/ERR200/001/ERR2000651/ERR2000651.fastq.gz;ftp.sra.ebi.ac.uk/vol1/fastq/ERR200/001/ERR2000651/ERR2000651_1.fastq.gz;ftp.sra.ebi.ac.uk/vol1/fastq/ERR200/001/ERR2000651/ERR2000651_2.fastq.gz	845498613;133497009;127614290	28193839
ERR2000653	ftp.sra.ebi.ac.uk/vol1/fastq/ERR200/003/ERR2000653/ERR2000653.fastq.gz;ftp.sra.ebi.ac.uk/vol1/fastq/ERR200/003/ERR2000653/ERR2000653_1.fastq.gz;ftp.sra.ebi.ac.uk/vol1/fastq/ERR200/003/ERR2000653/ERR2000653_2.fastq.gz	884699420;120812484;115168890	30151550
ERR2000661	ftp.sra.ebi.ac.uk/vol1/fastq/ERR200/001/ERR2000661/ERR2000661.fastq.gz;ftp.sra.ebi.ac.uk/vol1/fastq/ERR200/001/ERR2000661/ERR2000661_1.fastq.gz;ftp.sra.ebi.ac.uk/vol1/fastq/ERR200/001/ERR2000661/ERR2000661_2.fastq.gz	884914011;116585333;112599424	30282752
ERR2000663	ftp.sra.ebi.ac.uk/vol1/fastq/ERR200/003/ERR2000663/ERR2000663.fastq.gz;ftp.sra.ebi.ac.uk/vol1/fastq/ERR200/003/ERR2000663/ERR2000663_1.fastq.gz;ftp.sra.ebi.ac.uk/vol1/fastq/ERR200/003/ERR2000663/ERR2000663_2.fastq.gz	870889799;126601107;125351872	29562164
ERR2000664	ftp.sra.ebi.ac.uk/vol1/fastq/ERR200/004/ERR2000664/ERR2000664.fastq.gz;ftp.sra.ebi.ac.uk/vol1/fastq/ERR200/004/ERR2000664/ERR2000664_1.fastq.gz;ftp.sra.ebi.ac.uk/vol1/fastq/ERR200/004/ERR2000664/ERR2000664_2.fastq.gz	4800768687;795362152;819797879	96833551
ERR2000667	ftp.sra.ebi.ac.uk/vol1/fastq/ERR200/007/ERR2000667/ERR2000667.fastq.gz;ftp.sra.ebi.ac.uk/vol1/fastq/ERR200/007/ERR2000667/ERR2000667_1.fastq.gz;ftp.sra.ebi.ac.uk/vol1/fastq/ERR200/007/ERR2000667/ERR2000667_2.fastq.gz	3599000116;562411794;579365079	121740108
ERR2000668	ftp.sra.ebi.ac.uk/vol1/fastq/ERR200/008/ERR2000668/ERR2000668.fastq.gz;ftp.sra.ebi.ac.uk/vol1/fastq/ERR200/008/ERR2000668/ERR2000668_1.fastq.gz;ftp.sra.ebi.ac.uk/vol1/fastq/ERR200/008/ERR2000668/ERR2000668_2.fastq.gz	3631785270;566950104;587700375	122771060
ERR2000677	ftp.sra.ebi.ac.uk/vol1/fastq/ERR200/007/ERR2000677/ERR2000677.fastq.gz;ftp.sra.ebi.ac.uk/vol1/fastq/ERR200/007/ERR2000677/ERR2000677_1.fastq.gz;ftp.sra.ebi.ac.uk/vol1/fastq/ERR200/007/ERR2000677/ERR2000677_2.fastq.gz	4981216668;821750110;866636264	164946907
ERR2000679	ftp.sra.ebi.ac.uk/vol1/fastq/ERR200/009/ERR2000679/ERR2000679.fastq.gz;ftp.sra.ebi.ac.uk/vol1/fastq/ERR200/009/ERR2000679/ERR2000679_1.fastq.gz;ftp.sra.ebi.ac.uk/vol1/fastq/ERR200/009/ERR2000679/ERR2000679_2.fastq.gz	5128145498;834356927;878916624	166957843
ERR2000680	ftp.sra.ebi.ac.uk/vol1/fastq/ERR200/000/ERR2000680/ERR2000680.fastq.gz;ftp.sra.ebi.ac.uk/vol1/fastq/ERR200/000/ERR2000680/ERR2000680_1.fastq.gz;ftp.sra.ebi.ac.uk/vol1/fastq/ERR200/000/ERR2000680/ERR2000680_2.fastq.gz	4925766756;802318030;849134893	163271682
ERR2000683	ftp.sra.ebi.ac.uk/vol1/fastq/ERR200/003/ERR2000683/ERR2000683.fastq.gz;ftp.sra.ebi.ac.uk/vol1/fastq/ERR200/003/ERR2000683/ERR2000683_1.fastq.gz;ftp.sra.ebi.ac.uk/vol1/fastq/ERR200/003/ERR2000683/ERR2000683_2.fastq.gz	5501602229;913228677;931700921	153350504
ERR2000684	ftp.sra.ebi.ac.uk/vol1/fastq/ERR200/004/ERR2000684/ERR2000684.fastq.gz;ftp.sra.ebi.ac.uk/vol1/fastq/ERR200/004/ERR2000684/ERR2000684_1.fastq.gz;ftp.sra.ebi.ac.uk/vol1/fastq/ERR200/004/ERR2000684/ERR2000684_2.fastq.gz	5424224014;898801975;923527100	151892439
ERR2000685	ftp.sra.ebi.ac.uk/vol1/fastq/ERR200/005/ERR2000685/ERR2000685.fastq.gz;ftp.sra.ebi.ac.uk/vol1/fastq/ERR200/005/ERR2000685/ERR2000685_1.fastq.gz;ftp.sra.ebi.ac.uk/vol1/fastq/ERR200/005/ERR2000685/ERR2000685_2.fastq.gz	5432673299;899946721;920787044	151715230
ERR2000689	ftp.sra.ebi.ac.uk/vol1/fastq/ERR200/009/ERR2000689/ERR2000689.fastq.gz;ftp.sra.ebi.ac.uk/vol1/fastq/ERR200/009/ERR2000689/ERR2000689_1.fastq.gz;ftp.sra.ebi.ac.uk/vol1/fastq/ERR200/009/ERR2000689/ERR2000689_2.fastq.gz	5489050345;911119580;938559193	153583255
ERR2000690	ftp.sra.ebi.ac.uk/vol1/fastq/ERR200/000/ERR2000690/ERR2000690.fastq.gz;ftp.sra.ebi.ac.uk/vol1/fastq/ERR200/000/ERR2000690/ERR2000690_1.fastq.gz;ftp.sra.ebi.ac.uk/vol1/fastq/ERR200/000/ERR2000690/ERR2000690_2.fastq.gz	5427548099;887912754;918222805	151954062
ERR2000696	ftp.sra.ebi.ac.uk/vol1/fastq/ERR200/006/ERR2000696/ERR2000696.fastq.gz;ftp.sra.ebi.ac.uk/vol1/fastq/ERR200/006/ERR2000696/ERR2000696_1.fastq.gz;ftp.sra.ebi.ac.uk/vol1/fastq/ERR200/006/ERR2000696/ERR2000696_2.fastq.gz	5686547736;1028773725;1076725253	185202313
ERR2000711	ftp.sra.ebi.ac.uk/vol1/fastq/ERR200/001/ERR2000711/ERR2000711.fastq.gz;ftp.sra.ebi.ac.uk/vol1/fastq/ERR200/001/ERR2000711/ERR2000711_1.fastq.gz;ftp.sra.ebi.ac.uk/vol1/fastq/ERR200/001/ERR2000711/ERR2000711_2.fastq.gz	5758301787;953044732;1003286604	187024855
ERR2000712	ftp.sra.ebi.ac.uk/vol1/fastq/ERR200/002/ERR2000712/ERR2000712.fastq.gz;ftp.sra.ebi.ac.uk/vol1/fastq/ERR200/002/ERR2000712/ERR2000712_1.fastq.gz;ftp.sra.ebi.ac.uk/vol1/fastq/ERR200/002/ERR2000712/ERR2000712_2.fastq.gz	5744169982;949478765;1000298463	188331170
ERR2000715	ftp.sra.ebi.ac.uk/vol1/fastq/ERR200/005/ERR2000715/ERR2000715.fastq.gz;ftp.sra.ebi.ac.uk/vol1/fastq/ERR200/005/ERR2000715/ERR2000715_1.fastq.gz;ftp.sra.ebi.ac.uk/vol1/fastq/ERR200/005/ERR2000715/ERR2000715_2.fastq.gz	9153472211;1174247836;1203531738	219204857
ERR2000724	ftp.sra.ebi.ac.uk/vol1/fastq/ERR200/004/ERR2000724/ERR2000724.fastq.gz;ftp.sra.ebi.ac.uk/vol1/fastq/ERR200/004/ERR2000724/ERR2000724_1.fastq.gz;ftp.sra.ebi.ac.uk/vol1/fastq/ERR200/004/ERR2000724/ERR2000724_2.fastq.gz	5819182960;1076899691;1133155891	180140626
ERR2000727	ftp.sra.ebi.ac.uk/vol1/fastq/ERR200/007/ERR2000727/ERR2000727.fastq.gz;ftp.sra.ebi.ac.uk/vol1/fastq/ERR200/007/ERR2000727/ERR2000727_1.fastq.gz;ftp.sra.ebi.ac.uk/vol1/fastq/ERR200/007/ERR2000727/ERR2000727_2.fastq.gz	5738217776;1050011332;1105687929	177978131
ERR2000728	ftp.sra.ebi.ac.uk/vol1/fastq/ERR200/008/ERR2000728/ERR2000728.fastq.gz;ftp.sra.ebi.ac.uk/vol1/fastq/ERR200/008/ERR2000728/ERR2000728_1.fastq.gz;ftp.sra.ebi.ac.uk/vol1/fastq/ERR200/008/ERR2000728/ERR2000728_2.fastq.gz	5713607050;1046994604;1105210094	177251716
ERR2000729	ftp.sra.ebi.ac.uk/vol1/fastq/ERR200/009/ERR2000729/ERR2000729.fastq.gz;ftp.sra.ebi.ac.uk/vol1/fastq/ERR200/009/ERR2000729/ERR2000729_1.fastq.gz;ftp.sra.ebi.ac.uk/vol1/fastq/ERR200/009/ERR2000729/ERR2000729_2.fastq.gz	5876760400;1060641555;1116814053	182099713
ERR2000730	ftp.sra.ebi.ac.uk/vol1/fastq/ERR200/000/ERR2000730/ERR2000730.fastq.gz;ftp.sra.ebi.ac.uk/vol1/fastq/ERR200/000/ERR2000730/ERR2000730_1.fastq.gz;ftp.sra.ebi.ac.uk/vol1/fastq/ERR200/000/ERR2000730/ERR2000730_2.fastq.gz	5798027658;1069017965;1125871600	179052055
ERR2000733	ftp.sra.ebi.ac.uk/vol1/fastq/ERR200/003/ERR2000733/ERR2000733.fastq.gz;ftp.sra.ebi.ac.uk/vol1/fastq/ERR200/003/ERR2000733/ERR2000733_1.fastq.gz;ftp.sra.ebi.ac.uk/vol1/fastq/ERR200/003/ERR2000733/ERR2000733_2.fastq.gz	3086257816;626672719;630221934	81980004
ERR2000742	ftp.sra.ebi.ac.uk/vol1/fastq/ERR200/002/ERR2000742/ERR2000742.fastq.gz;ftp.sra.ebi.ac.uk/vol1/fastq/ERR200/002/ERR2000742/ERR2000742_1.fastq.gz;ftp.sra.ebi.ac.uk/vol1/fastq/ERR200/002/ERR2000742/ERR2000742_2.fastq.gz	5855574302;1029886897;1067802649	191172281
ERR2000745	ftp.sra.ebi.ac.uk/vol1/fastq/ERR200/005/ERR2000745/ERR2000745.fastq.gz;ftp.sra.ebi.ac.uk/vol1/fastq/ERR200/005/ERR2000745/ERR2000745_1.fastq.gz;ftp.sra.ebi.ac.uk/vol1/fastq/ERR200/005/ERR2000745/ERR2000745_2.fastq.gz	5601204016;1013565013;1058398610	184558452
ERR2000755	ftp.sra.ebi.ac.uk/vol1/fastq/ERR200/005/ERR2000755/ERR2000755.fastq.gz;ftp.sra.ebi.ac.uk/vol1/fastq/ERR200/005/ERR2000755/ERR2000755_1.fastq.gz;ftp.sra.ebi.ac.uk/vol1/fastq/ERR200/005/ERR2000755/ERR2000755_2.fastq.gz	6060639672;1068408042;1119986830	203222378
ERR2000758	ftp.sra.ebi.ac.uk/vol1/fastq/ERR200/008/ERR2000758/ERR2000758.fastq.gz;ftp.sra.ebi.ac.uk/vol1/fastq/ERR200/008/ERR2000758/ERR2000758_1.fastq.gz;ftp.sra.ebi.ac.uk/vol1/fastq/ERR200/008/ERR2000758/ERR2000758_2.fastq.gz	6060186529;1054827107;1104411475	201061952
ERR2000762	ftp.sra.ebi.ac.uk/vol1/fastq/ERR200/002/ERR2000762/ERR2000762.fastq.gz;ftp.sra.ebi.ac.uk/vol1/fastq/ERR200/002/ERR2000762/ERR2000762_1.fastq.gz;ftp.sra.ebi.ac.uk/vol1/fastq/ERR200/002/ERR2000762/ERR2000762_2.fastq.gz	6165309274;1062330959;1121611592	200916330
ERR2000765	ftp.sra.ebi.ac.uk/vol1/fastq/ERR200/005/ERR2000765/ERR2000765.fastq.gz;ftp.sra.ebi.ac.uk/vol1/fastq/ERR200/005/ERR2000765/ERR2000765_1.fastq.gz;ftp.sra.ebi.ac.uk/vol1/fastq/ERR200/005/ERR2000765/ERR2000765_2.fastq.gz	5734549298;1097150440;1127082432	180417422
ERR2000769	ftp.sra.ebi.ac.uk/vol1/fastq/ERR200/009/ERR2000769/ERR2000769.fastq.gz;ftp.sra.ebi.ac.uk/vol1/fastq/ERR200/009/ERR2000769/ERR2000769_1.fastq.gz;ftp.sra.ebi.ac.uk/vol1/fastq/ERR200/009/ERR2000769/ERR2000769_2.fastq.gz	5890533682;1066173821;1107326355	185026881
ERR2000771	ftp.sra.ebi.ac.uk/vol1/fastq/ERR200/001/ERR2000771/ERR2000771.fastq.gz;ftp.sra.ebi.ac.uk/vol1/fastq/ERR200/001/ERR2000771/ERR2000771_1.fastq.gz;ftp.sra.ebi.ac.uk/vol1/fastq/ERR200/001/ERR2000771/ERR2000771_2.fastq.gz	7554972057;1408756604;1475192130	235112169
ERR2000773	ftp.sra.ebi.ac.uk/vol1/fastq/ERR200/003/ERR2000773/ERR2000773.fastq.gz;ftp.sra.ebi.ac.uk/vol1/fastq/ERR200/003/ERR2000773/ERR2000773_1.fastq.gz;ftp.sra.ebi.ac.uk/vol1/fastq/ERR200/003/ERR2000773/ERR2000773_2.fastq.gz	7702958802;1890016154;1714046247	234615226
ERR2000775	ftp.sra.ebi.ac.uk/vol1/fastq/ERR200/005/ERR2000775/ERR2000775.fastq.gz;ftp.sra.ebi.ac.uk/vol1/fastq/ERR200/005/ERR2000775/ERR2000775_1.fastq.gz;ftp.sra.ebi.ac.uk/vol1/fastq/ERR200/005/ERR2000775/ERR2000775_2.fastq.gz	7693251665;1406621530;1466979842	236458060
ERR2000776	ftp.sra.ebi.ac.uk/vol1/fastq/ERR200/006/ERR2000776/ERR2000776.fastq.gz;ftp.sra.ebi.ac.uk/vol1/fastq/ERR200/006/ERR2000776/ERR2000776_1.fastq.gz;ftp.sra.ebi.ac.uk/vol1/fastq/ERR200/006/ERR2000776/ERR2000776_2.fastq.gz	7685535621;1384943953;1449178762	235695270
ERR2000779	ftp.sra.ebi.ac.uk/vol1/fastq/ERR200/009/ERR2000779/ERR2000779.fastq.gz;ftp.sra.ebi.ac.uk/vol1/fastq/ERR200/009/ERR2000779/ERR2000779_1.fastq.gz;ftp.sra.ebi.ac.uk/vol1/fastq/ERR200/009/ERR2000779/ERR2000779_2.fastq.gz	6904514429;1337637947;1346017397	222931337
ERR2000782	ftp.sra.ebi.ac.uk/vol1/fastq/ERR200/002/ERR2000782/ERR2000782.fastq.gz;ftp.sra.ebi.ac.uk/vol1/fastq/ERR200/002/ERR2000782/ERR2000782_1.fastq.gz;ftp.sra.ebi.ac.uk/vol1/fastq/ERR200/002/ERR2000782/ERR2000782_2.fastq.gz	6805959610;1311450547;1321683319	221515493
ERR2000785	ftp.sra.ebi.ac.uk/vol1/fastq/ERR200/005/ERR2000785/ERR2000785.fastq.gz;ftp.sra.ebi.ac.uk/vol1/fastq/ERR200/005/ERR2000785/ERR2000785_1.fastq.gz;ftp.sra.ebi.ac.uk/vol1/fastq/ERR200/005/ERR2000785/ERR2000785_2.fastq.gz	5413808068;871848734;890294161	143710840
ERR2000786	ftp.sra.ebi.ac.uk/vol1/fastq/ERR200/006/ERR2000786/ERR2000786.fastq.gz;ftp.sra.ebi.ac.uk/vol1/fastq/ERR200/006/ERR2000786/ERR2000786_1.fastq.gz;ftp.sra.ebi.ac.uk/vol1/fastq/ERR200/006/ERR2000786/ERR2000786_2.fastq.gz	5338752292;874105317;893070037	144273779
ERR2000787	ftp.sra.ebi.ac.uk/vol1/fastq/ERR200/007/ERR2000787/ERR2000787.fastq.gz;ftp.sra.ebi.ac.uk/vol1/fastq/ERR200/007/ERR2000787/ERR2000787_1.fastq.gz;ftp.sra.ebi.ac.uk/vol1/fastq/ERR200/007/ERR2000787/ERR2000787_2.fastq.gz	4694492458;767161633;798605758	129095950
ERR2000790	ftp.sra.ebi.ac.uk/vol1/fastq/ERR200/000/ERR2000790/ERR2000790.fastq.gz;ftp.sra.ebi.ac.uk/vol1/fastq/ERR200/000/ERR2000790/ERR2000790_1.fastq.gz;ftp.sra.ebi.ac.uk/vol1/fastq/ERR200/000/ERR2000790/ERR2000790_2.fastq.gz	4614905747;738688888;741875085	127410018
ERR2000791	ftp.sra.ebi.ac.uk/vol1/fastq/ERR200/001/ERR2000791/ERR2000791.fastq.gz;ftp.sra.ebi.ac.uk/vol1/fastq/ERR200/001/ERR2000791/ERR2000791_1.fastq.gz;ftp.sra.ebi.ac.uk/vol1/fastq/ERR200/001/ERR2000791/ERR2000791_2.fastq.gz	5752292987;945638226;993934769	150963593
ERR2000793	ftp.sra.ebi.ac.uk/vol1/fastq/ERR200/003/ERR2000793/ERR2000793.fastq.gz;ftp.sra.ebi.ac.uk/vol1/fastq/ERR200/003/ERR2000793/ERR2000793_1.fastq.gz;ftp.sra.ebi.ac.uk/vol1/fastq/ERR200/003/ERR2000793/ERR2000793_2.fastq.gz	4380088488;784061463;799463342	145551679
ERR2000794	ftp.sra.ebi.ac.uk/vol1/fastq/ERR200/004/ERR2000794/ERR2000794.fastq.gz;ftp.sra.ebi.ac.uk/vol1/fastq/ERR200/004/ERR2000794/ERR2000794_1.fastq.gz;ftp.sra.ebi.ac.uk/vol1/fastq/ERR200/004/ERR2000794/ERR2000794_2.fastq.gz	4311661633;754926397;773835922	143103634
ERR2000804	ftp.sra.ebi.ac.uk/vol1/fastq/ERR200/004/ERR2000804/ERR2000804.fastq.gz;ftp.sra.ebi.ac.uk/vol1/fastq/ERR200/004/ERR2000804/ERR2000804_1.fastq.gz;ftp.sra.ebi.ac.uk/vol1/fastq/ERR200/004/ERR2000804/ERR2000804_2.fastq.gz	2004411114;387995546;375472696	64755942
ERR2000806	ftp.sra.ebi.ac.uk/vol1/fastq/ERR200/006/ERR2000806/ERR2000806.fastq.gz;ftp.sra.ebi.ac.uk/vol1/fastq/ERR200/006/ERR2000806/ERR2000806_1.fastq.gz;ftp.sra.ebi.ac.uk/vol1/fastq/ERR200/006/ERR2000806/ERR2000806_2.fastq.gz	2364517286;450027413;442256193	64436693
ERR2000808	ftp.sra.ebi.ac.uk/vol1/fastq/ERR200/008/ERR2000808/ERR2000808.fastq.gz;ftp.sra.ebi.ac.uk/vol1/fastq/ERR200/008/ERR2000808/ERR2000808_1.fastq.gz;ftp.sra.ebi.ac.uk/vol1/fastq/ERR200/008/ERR2000808/ERR2000808_2.fastq.gz	2009846193;395263983;386183525	64413727
ERR2000810	ftp.sra.ebi.ac.uk/vol1/fastq/ERR200/000/ERR2000810/ERR2000810.fastq.gz;ftp.sra.ebi.ac.uk/vol1/fastq/ERR200/000/ERR2000810/ERR2000810_1.fastq.gz;ftp.sra.ebi.ac.uk/vol1/fastq/ERR200/000/ERR2000810/ERR2000810_2.fastq.gz	2304960676;417525506;414394470	62507824
ERR2000813	ftp.sra.ebi.ac.uk/vol1/fastq/ERR200/003/ERR2000813/ERR2000813.fastq.gz;ftp.sra.ebi.ac.uk/vol1/fastq/ERR200/003/ERR2000813/ERR2000813_1.fastq.gz;ftp.sra.ebi.ac.uk/vol1/fastq/ERR200/003/ERR2000813/ERR2000813_2.fastq.gz	1572762982;309863733;304332794	52942991
ERR2000819	ftp.sra.ebi.ac.uk/vol1/fastq/ERR200/009/ERR2000819/ERR2000819.fastq.gz;ftp.sra.ebi.ac.uk/vol1/fastq/ERR200/009/ERR2000819/ERR2000819_1.fastq.gz;ftp.sra.ebi.ac.uk/vol1/fastq/ERR200/009/ERR2000819/ERR2000819_2.fastq.gz	1696537986;324139571;322788863	55448685
ERR2000821	ftp.sra.ebi.ac.uk/vol1/fastq/ERR200/001/ERR2000821/ERR2000821.fastq.gz;ftp.sra.ebi.ac.uk/vol1/fastq/ERR200/001/ERR2000821/ERR2000821_1.fastq.gz;ftp.sra.ebi.ac.uk/vol1/fastq/ERR200/001/ERR2000821/ERR2000821_2.fastq.gz	1618706716;322125647;315782383	54840718
ERR2000822	ftp.sra.ebi.ac.uk/vol1/fastq/ERR200/002/ERR2000822/ERR2000822.fastq.gz;ftp.sra.ebi.ac.uk/vol1/fastq/ERR200/002/ERR2000822/ERR2000822_1.fastq.gz;ftp.sra.ebi.ac.uk/vol1/fastq/ERR200/002/ERR2000822/ERR2000822_2.fastq.gz	2404757639;437785007;435442798	65433652
ERR2000824	ftp.sra.ebi.ac.uk/vol1/fastq/ERR200/004/ERR2000824/ERR2000824.fastq.gz;ftp.sra.ebi.ac.uk/vol1/fastq/ERR200/004/ERR2000824/ERR2000824_1.fastq.gz;ftp.sra.ebi.ac.uk/vol1/fastq/ERR200/004/ERR2000824/ERR2000824_2.fastq.gz	2048031798;384127279;380024963	65580246
ERR2000826	ftp.sra.ebi.ac.uk/vol1/fastq/ERR200/006/ERR2000826/ERR2000826.fastq.gz;ftp.sra.ebi.ac.uk/vol1/fastq/ERR200/006/ERR2000826/ERR2000826_1.fastq.gz;ftp.sra.ebi.ac.uk/vol1/fastq/ERR200/006/ERR2000826/ERR2000826_2.fastq.gz	2516225024;443954181;437052931	64462590
ERR2000827	ftp.sra.ebi.ac.uk/vol1/fastq/ERR200/007/ERR2000827/ERR2000827.fastq.gz;ftp.sra.ebi.ac.uk/vol1/fastq/ERR200/007/ERR2000827/ERR2000827_1.fastq.gz;ftp.sra.ebi.ac.uk/vol1/fastq/ERR200/007/ERR2000827/ERR2000827_2.fastq.gz	1794439997;328938621;321327923	54897091
ERR2000829	ftp.sra.ebi.ac.uk/vol1/fastq/ERR200/009/ERR2000829/ERR2000829.fastq.gz;ftp.sra.ebi.ac.uk/vol1/fastq/ERR200/009/ERR2000829/ERR2000829_1.fastq.gz;ftp.sra.ebi.ac.uk/vol1/fastq/ERR200/009/ERR2000829/ERR2000829_2.fastq.gz	1602524037;321883338;314575553	54429193
ERR2000830	ftp.sra.ebi.ac.uk/vol1/fastq/ERR200/000/ERR2000830/ERR2000830.fastq.gz;ftp.sra.ebi.ac.uk/vol1/fastq/ERR200/000/ERR2000830/ERR2000830_1.fastq.gz;ftp.sra.ebi.ac.uk/vol1/fastq/ERR200/000/ERR2000830/ERR2000830_2.fastq.gz	2377856326;436086913;432590579	64885970
ERR2000832	ftp.sra.ebi.ac.uk/vol1/fastq/ERR200/002/ERR2000832/ERR2000832.fastq.gz;ftp.sra.ebi.ac.uk/vol1/fastq/ERR200/002/ERR2000832/ERR2000832_1.fastq.gz;ftp.sra.ebi.ac.uk/vol1/fastq/ERR200/002/ERR2000832/ERR2000832_2.fastq.gz	2027988392;383564995;378534685	65101058
ERR2000834	ftp.sra.ebi.ac.uk/vol1/fastq/ERR200/004/ERR2000834/ERR2000834.fastq.gz;ftp.sra.ebi.ac.uk/vol1/fastq/ERR200/004/ERR2000834/ERR2000834_1.fastq.gz;ftp.sra.ebi.ac.uk/vol1/fastq/ERR200/004/ERR2000834/ERR2000834_2.fastq.gz	6724734931;1373452953;1413975949	228529632
ERR2000835	ftp.sra.ebi.ac.uk/vol1/fastq/ERR200/005/ERR2000835/ERR2000835.fastq.gz;ftp.sra.ebi.ac.uk/vol1/fastq/ERR200/005/ERR2000835/ERR2000835_1.fastq.gz;ftp.sra.ebi.ac.uk/vol1/fastq/ERR200/005/ERR2000835/ERR2000835_2.fastq.gz	6795959724;1386790696;1432059743	230615563
ERR2000836	ftp.sra.ebi.ac.uk/vol1/fastq/ERR200/006/ERR2000836/ERR2000836.fastq.gz;ftp.sra.ebi.ac.uk/vol1/fastq/ERR200/006/ERR2000836/ERR2000836_1.fastq.gz;ftp.sra.ebi.ac.uk/vol1/fastq/ERR200/006/ERR2000836/ERR2000836_2.fastq.gz	6015569724;1142105497;1173132269	207257555
ERR2000837	ftp.sra.ebi.ac.uk/vol1/fastq/ERR200/007/ERR2000837/ERR2000837.fastq.gz;ftp.sra.ebi.ac.uk/vol1/fastq/ERR200/007/ERR2000837/ERR2000837_1.fastq.gz;ftp.sra.ebi.ac.uk/vol1/fastq/ERR200/007/ERR2000837/ERR2000837_2.fastq.gz	6008250301;1109846795;1146443637	206699497
ERR2000839	ftp.sra.ebi.ac.uk/vol1/fastq/ERR200/009/ERR2000839/ERR2000839.fastq.gz;ftp.sra.ebi.ac.uk/vol1/fastq/ERR200/009/ERR2000839/ERR2000839_1.fastq.gz;ftp.sra.ebi.ac.uk/vol1/fastq/ERR200/009/ERR2000839/ERR2000839_2.fastq.gz	5303561062;1158878051;1170404258	181903055
ERR2000840	ftp.sra.ebi.ac.uk/vol1/fastq/ERR200/000/ERR2000840/ERR2000840.fastq.gz;ftp.sra.ebi.ac.uk/vol1/fastq/ERR200/000/ERR2000840/ERR2000840_1.fastq.gz;ftp.sra.ebi.ac.uk/vol1/fastq/ERR200/000/ERR2000840/ERR2000840_2.fastq.gz	1464458937;284082580;268732006	48555864
ERR2000844	ftp.sra.ebi.ac.uk/vol1/fastq/ERR200/004/ERR2000844/ERR2000844.fastq.gz;ftp.sra.ebi.ac.uk/vol1/fastq/ERR200/004/ERR2000844/ERR2000844_1.fastq.gz;ftp.sra.ebi.ac.uk/vol1/fastq/ERR200/004/ERR2000844/ERR2000844_2.fastq.gz	1448047476;301210365;280003730	49041227
ERR2000847	ftp.sra.ebi.ac.uk/vol1/fastq/ERR200/007/ERR2000847/ERR2000847.fastq.gz;ftp.sra.ebi.ac.uk/vol1/fastq/ERR200/007/ERR2000847/ERR2000847_1.fastq.gz;ftp.sra.ebi.ac.uk/vol1/fastq/ERR200/007/ERR2000847/ERR2000847_2.fastq.gz	1298480665;292776888;270082781	43435005
ERR2000849	ftp.sra.ebi.ac.uk/vol1/fastq/ERR200/009/ERR2000849/ERR2000849.fastq.gz;ftp.sra.ebi.ac.uk/vol1/fastq/ERR200/009/ERR2000849/ERR2000849_1.fastq.gz;ftp.sra.ebi.ac.uk/vol1/fastq/ERR200/009/ERR2000849/ERR2000849_2.fastq.gz	1077966483;188814157;198088622	35109648
ERR2000853	ftp.sra.ebi.ac.uk/vol1/fastq/ERR200/003/ERR2000853/ERR2000853.fastq.gz;ftp.sra.ebi.ac.uk/vol1/fastq/ERR200/003/ERR2000853/ERR2000853_1.fastq.gz;ftp.sra.ebi.ac.uk/vol1/fastq/ERR200/003/ERR2000853/ERR2000853_2.fastq.gz	1645651239;263604788;277244767	40979103
ERR2000857	ftp.sra.ebi.ac.uk/vol1/fastq/ERR200/007/ERR2000857/ERR2000857.fastq.gz;ftp.sra.ebi.ac.uk/vol1/fastq/ERR200/007/ERR2000857/ERR2000857_1.fastq.gz;ftp.sra.ebi.ac.uk/vol1/fastq/ERR200/007/ERR2000857/ERR2000857_2.fastq.gz	1599978426;266735215;279750365	39903672
ERR2000860	ftp.sra.ebi.ac.uk/vol1/fastq/ERR200/000/ERR2000860/ERR2000860.fastq.gz;ftp.sra.ebi.ac.uk/vol1/fastq/ERR200/000/ERR2000860/ERR2000860_1.fastq.gz;ftp.sra.ebi.ac.uk/vol1/fastq/ERR200/000/ERR2000860/ERR2000860_2.fastq.gz	1413594761;600702723;646315277	55361576
ERR2000861	ftp.sra.ebi.ac.uk/vol1/fastq/ERR200/001/ERR2000861/ERR2000861.fastq.gz;ftp.sra.ebi.ac.uk/vol1/fastq/ERR200/001/ERR2000861/ERR2000861_1.fastq.gz;ftp.sra.ebi.ac.uk/vol1/fastq/ERR200/001/ERR2000861/ERR2000861_2.fastq.gz	1306244989;587194758;631751454	51504495
ERR2000862	ftp.sra.ebi.ac.uk/vol1/fastq/ERR200/002/ERR2000862/ERR2000862.fastq.gz;ftp.sra.ebi.ac.uk/vol1/fastq/ERR200/002/ERR2000862/ERR2000862_1.fastq.gz;ftp.sra.ebi.ac.uk/vol1/fastq/ERR200/002/ERR2000862/ERR2000862_2.fastq.gz	1499425194;611334275;655775511	56978163
ERR2000867	ftp.sra.ebi.ac.uk/vol1/fastq/ERR200/007/ERR2000867/ERR2000867.fastq.gz;ftp.sra.ebi.ac.uk/vol1/fastq/ERR200/007/ERR2000867/ERR2000867_1.fastq.gz;ftp.sra.ebi.ac.uk/vol1/fastq/ERR200/007/ERR2000867/ERR2000867_2.fastq.gz	1282285752;585982618;627539242	51115597
ERR2000869	ftp.sra.ebi.ac.uk/vol1/fastq/ERR200/009/ERR2000869/ERR2000869.fastq.gz;ftp.sra.ebi.ac.uk/vol1/fastq/ERR200/009/ERR2000869/ERR2000869_1.fastq.gz;ftp.sra.ebi.ac.uk/vol1/fastq/ERR200/009/ERR2000869/ERR2000869_2.fastq.gz	1345171424;260645430;250528870	41895764
ERR2000871	ftp.sra.ebi.ac.uk/vol1/fastq/ERR200/001/ERR2000871/ERR2000871.fastq.gz;ftp.sra.ebi.ac.uk/vol1/fastq/ERR200/001/ERR2000871/ERR2000871_1.fastq.gz;ftp.sra.ebi.ac.uk/vol1/fastq/ERR200/001/ERR2000871/ERR2000871_2.fastq.gz	1362842346;276150595;266157505	42188576
ERR2000874	ftp.sra.ebi.ac.uk/vol1/fastq/ERR200/004/ERR2000874/ERR2000874.fastq.gz;ftp.sra.ebi.ac.uk/vol1/fastq/ERR200/004/ERR2000874/ERR2000874_1.fastq.gz;ftp.sra.ebi.ac.uk/vol1/fastq/ERR200/004/ERR2000874/ERR2000874_2.fastq.gz	1604421912;298501381;291921959	48845932
ERR2000879	ftp.sra.ebi.ac.uk/vol1/fastq/ERR200/009/ERR2000879/ERR2000879.fastq.gz;ftp.sra.ebi.ac.uk/vol1/fastq/ERR200/009/ERR2000879/ERR2000879_1.fastq.gz;ftp.sra.ebi.ac.uk/vol1/fastq/ERR200/009/ERR2000879/ERR2000879_2.fastq.gz	1115785541;206051708;210351472	36054198
